<?xml version='1.0' encoding='UTF-8'?>
<mds:customization version="12.2.1_20170820.0914" xmlns:mds="http://xmlns.oracle.com/mds" motype_local_name="root" motype_nsuri="http://java.sun.com/JSP/Page">
   <mds:insert parent="t4" position="first">
      <af:commandToolbarButton xmlns:af="http://xmlns.oracle.com/adf/faces/rich" id="ctb111" action="#{backingBeanScope.efbs.launchRequest}" icon="/images/func_add_16_ena.png" depressedIcon="/images/func_add_16_act.png" disabledIcon="/images/func_add_16_dis.png" hoverIcon="/images/func_add_16_hov.png" text="#{adfBundle['bka.iam.identity.resource.ConsoleBundle'].FBS_ACTION_LABEL}" shortDesc="#{adfBundle['bka.iam.identity.resource.ConsoleBundle'].FBS_ACTION_HINT}" disabled="#{!pageFlowScope.MyAccessAccountBean.requestAccount}" rendered="#{((pageFlowScope.isSelf != 'false') ? oimuserAuth.addSelfAccounts.allowed : oimuserAuth.addUserAccounts[pageFlowScope.MyAccessAccountBean.selectedUserKey].allowed) and !pageFlowScope.MyAccessAccountBean.selectedUserDeleted}"/>
   </mds:insert>
   <mds:insert parent="m1" position="first">
      <af:commandMenuItem xmlns:af="http://xmlns.oracle.com/adf/faces/rich" id="cmi111" action="#{backingBeanScope.efbs.launchRequest}" icon="/images/func_add_16_ena.png" text="#{adfBundle['bka.iam.identity.resource.ConsoleBundle'].FBS_ACTION_LABEL}" shortDesc="#{adfBundle['bka.iam.identity.resource.ConsoleBundle'].FBS_ACTION_HINT}" disabled="#{!pageFlowScope.MyAccessAccountBean.requestAccount}" rendered="#{((pageFlowScope.isSelf != 'false') ? oimuserAuth.addSelfAccounts.allowed : oimuserAuth.addUserAccounts[pageFlowScope.MyAccessAccountBean.selectedUserKey].allowed) and !pageFlowScope.MyAccessAccountBean.selectedUserDeleted}"/>
   </mds:insert>
   <mds:insert parent="m2" position="first">
      <af:commandMenuItem xmlns:af="http://xmlns.oracle.com/adf/faces/rich" id="cmi121" action="#{backingBeanScope.efbs.launchRequest}" icon="/images/func_add_16_ena.png" text="#{adfBundle['bka.iam.identity.resource.ConsoleBundle'].FBS_ACTION_LABEL}" shortDesc="#{adfBundle['bka.iam.identity.resource.ConsoleBundle'].FBS_ACTION_HINT}" disabled="#{!pageFlowScope.MyAccessAccountBean.requestAccount}" rendered="#{((pageFlowScope.isSelf != 'false') ? oimuserAuth.addSelfAccounts.allowed : oimuserAuth.addUserAccounts[pageFlowScope.MyAccessAccountBean.selectedUserKey].allowed) and !pageFlowScope.MyAccessAccountBean.selectedUserDeleted}"/>
   </mds:insert>
   <mds:insert parent="t4" position="last">
      <af:commandToolbarButton xmlns:af="http://xmlns.oracle.com/adf/faces/rich" id="ctb211" action="#{backingBeanScope.eval.evaluate}" icon="/images/evaluate_ena.png" depressedIcon="/images/evaluate_act.png" disabledIcon="/images/evaluate_dis.png" hoverIcon="/images/evaluate_hov.png" text="#{adfBundle['bka.iam.identity.resource.ConsoleBundle'].EVAL_ACTION_LABEL}" shortDesc="#{adfBundle['bka.iam.identity.resource.ConsoleBundle'].EVAL_ACTION_HINT}" rendered="#{oimcontext.currentUser.adminRoles['OrclOIMSystemAdministrator'] != null}"/>
   </mds:insert>
   <mds:insert parent="m1" position="last">
      <af:commandMenuItem xmlns:af="http://xmlns.oracle.com/adf/faces/rich" id="cmi211" action="#{backingBeanScope.eval.evaluate}" icon="/images/evaluate_ena.png" text="#{adfBundle['bka.iam.identity.resource.ConsoleBundle'].EVAL_ACTION_LABEL}" shortDesc="#{adfBundle['bka.iam.identity.resource.ConsoleBundle'].EVAL_ACTION_HINT}" rendered="#{oimcontext.currentUser.adminRoles['OrclOIMSystemAdministrator'] != null}"/>
   </mds:insert>
   <mds:insert parent="m2" position="last">
      <af:commandMenuItem xmlns:af="http://xmlns.oracle.com/adf/faces/rich" id="cmi221" action="#{backingBeanScope.eval.evaluate}" icon="/images/evaluate_ena.png" text="#{adfBundle['bka.iam.identity.resource.ConsoleBundle'].EVAL_ACTION_LABEL}" shortDesc="#{adfBundle['bka.iam.identity.resource.ConsoleBundle'].EVAL_ACTION_HINT}" rendered="#{oimcontext.currentUser.adminRoles['OrclOIMSystemAdministrator'] != null}"/>
   </mds:insert>
</mds:customization>
