<?xml version='1.0' encoding='UTF-8'?>
<mds:customization version="12.2.1_20170820.0914" xmlns:mds="http://xmlns.oracle.com/mds" motype_local_name="Definitions" motype_nsuri="http://xmlns.oracle.com/adfmcatalog">
  <mds:insert parent="(xmlns(mds_ns1=http://xmlns.oracle.com/adfmcatalog))/mds_ns1:Definitions" position="last">
    <ViewObject fullName="sessiondef.oracle.iam.ui.runtime.form.model.IDSRequest.view.IDSRequestVO" publishToBusinessEditor="true" xmlns="http://xmlns.oracle.com/adfmcatalog"/>
  </mds:insert>
  <mds:insert parent="(xmlns(mds_ns1=http://xmlns.oracle.com/adfmcatalog))/mds_ns1:Definitions" position="last">
    <ViewObject fullName="sessiondef.oracle.iam.ui.runtime.form.model.IDSRequest.view.IDSRequestUD_IDS_GRPVO" publishToBusinessEditor="true" xmlns="http://xmlns.oracle.com/adfmcatalog"/>
  </mds:insert>
  <mds:insert parent="(xmlns(mds_ns1=http://xmlns.oracle.com/adfmcatalog))/mds_ns1:Definitions" position="last">
    <ViewObject fullName="sessiondef.oracle.iam.ui.runtime.form.model.IDSRequest.view.IDSRequestUD_IDS_ROLVO" publishToBusinessEditor="true" xmlns="http://xmlns.oracle.com/adfmcatalog"/>
  </mds:insert>
  <mds:insert parent="(xmlns(mds_ns1=http://xmlns.oracle.com/adfmcatalog))/mds_ns1:Definitions" position="last">
    <ViewObject fullName="sessiondef.oracle.iam.ui.runtime.form.model.CTSRequest.view.CTSRequestVO" publishToBusinessEditor="true" xmlns="http://xmlns.oracle.com/adfmcatalog"/>
  </mds:insert>
  <mds:insert parent="(xmlns(mds_ns1=http://xmlns.oracle.com/adfmcatalog))/mds_ns1:Definitions" position="last">
    <ViewObject fullName="sessiondef.oracle.iam.ui.runtime.form.model.CTSRequest.view.CTSRequestUD_CTS_UGPVO" publishToBusinessEditor="true" xmlns="http://xmlns.oracle.com/adfmcatalog"/>
  </mds:insert>
  <mds:insert parent="(xmlns(mds_ns1=http://xmlns.oracle.com/adfmcatalog))/mds_ns1:Definitions" position="last">
    <ViewObject fullName="sessiondef.oracle.iam.ui.runtime.form.model.eFBSRequestProduction.view.eFBSRequestProductionVO" publishToBusinessEditor="true" xmlns="http://xmlns.oracle.com/adfmcatalog"/>
  </mds:insert>
  <mds:insert parent="(xmlns(mds_ns1=http://xmlns.oracle.com/adfmcatalog))/mds_ns1:Definitions" position="last">
    <ViewObject fullName="sessiondef.oracle.iam.ui.runtime.form.model.eFBSRequestProduction.view.eFBSRequestProductionUD_EFBSP_PVO" publishToBusinessEditor="true" xmlns="http://xmlns.oracle.com/adfmcatalog"/>
  </mds:insert>
  <mds:insert parent="(xmlns(mds_ns1=http://xmlns.oracle.com/adfmcatalog))/mds_ns1:Definitions" position="last">
    <ViewObject fullName="sessiondef.oracle.iam.ui.runtime.form.model.eFBSRequestProduction.view.eFBSRequestProductionUD_EFBSP_MVO" publishToBusinessEditor="true" xmlns="http://xmlns.oracle.com/adfmcatalog"/>
  </mds:insert>
  <mds:insert parent="(xmlns(mds_ns1=http://xmlns.oracle.com/adfmcatalog))/mds_ns1:Definitions" position="last">
    <ViewObject fullName="sessiondef.oracle.iam.ui.runtime.form.model.eFBSRequestEducation.view.eFBSRequestEducationVO" publishToBusinessEditor="true" xmlns="http://xmlns.oracle.com/adfmcatalog"/>
  </mds:insert>
  <mds:insert parent="(xmlns(mds_ns1=http://xmlns.oracle.com/adfmcatalog))/mds_ns1:Definitions" position="last">
    <ViewObject fullName="sessiondef.oracle.iam.ui.runtime.form.model.eFBSRequestEducation.view.eFBSRequestEducationUD_EFBSE_PVO" publishToBusinessEditor="true" xmlns="http://xmlns.oracle.com/adfmcatalog"/>
  </mds:insert>
  <mds:insert parent="(xmlns(mds_ns1=http://xmlns.oracle.com/adfmcatalog))/mds_ns1:Definitions" position="last">
    <ViewObject fullName="sessiondef.oracle.iam.ui.runtime.form.model.eFBSRequestEducation.view.eFBSRequestEducationUD_EFBSE_MVO" publishToBusinessEditor="true" xmlns="http://xmlns.oracle.com/adfmcatalog"/>
  </mds:insert>
  <mds:insert parent="(xmlns(mds_ns1=http://xmlns.oracle.com/adfmcatalog))/mds_ns1:Definitions" position="last">
    <ViewObject fullName="sessiondef.oracle.iam.ui.runtime.form.model.PSCRequest.view.PSCRequestVO" publishToBusinessEditor="true" xmlns="http://xmlns.oracle.com/adfmcatalog"/>
  </mds:insert>
  <mds:insert parent="(xmlns(mds_ns1=http://xmlns.oracle.com/adfmcatalog))/mds_ns1:Definitions" position="last">
    <ViewObject fullName="sessiondef.oracle.iam.ui.runtime.form.model.PSCRequest.view.PSCRequestUD_PSC_UGPVO" publishToBusinessEditor="true" xmlns="http://xmlns.oracle.com/adfmcatalog"/>
  </mds:insert>
  <mds:insert parent="(xmlns(mds_ns1=http://xmlns.oracle.com/adfmcatalog))/mds_ns1:Definitions" position="last">
    <ViewObject fullName="sessiondef.oracle.iam.ui.runtime.form.model.PCFRequestProduction.view.PCFRequestProductionVO" publishToBusinessEditor="true" xmlns="http://xmlns.oracle.com/adfmcatalog"/>
  </mds:insert>
  <mds:insert parent="(xmlns(mds_ns1=http://xmlns.oracle.com/adfmcatalog))/mds_ns1:Definitions" position="last">
    <ViewObject fullName="sessiondef.oracle.iam.ui.runtime.form.model.PCFRequestProduction.view.PCFRequestProductionUD_PCFP_SRLVO" publishToBusinessEditor="true" xmlns="http://xmlns.oracle.com/adfmcatalog"/>
  </mds:insert>
  <mds:insert parent="(xmlns(mds_ns1=http://xmlns.oracle.com/adfmcatalog))/mds_ns1:Definitions" position="last">
    <ViewObject fullName="sessiondef.oracle.iam.ui.runtime.form.model.PCFRequestProduction.view.PCFRequestProductionUD_PCFP_ORLVO" publishToBusinessEditor="true" xmlns="http://xmlns.oracle.com/adfmcatalog"/>
  </mds:insert>
  <mds:insert parent="(xmlns(mds_ns1=http://xmlns.oracle.com/adfmcatalog))/mds_ns1:Definitions" position="last">
    <ViewObject fullName="sessiondef.oracle.iam.ui.runtime.form.model.PCFRequestProduction.view.PCFRequestProductionUD_PCFP_UGPVO" publishToBusinessEditor="true" xmlns="http://xmlns.oracle.com/adfmcatalog"/>
  </mds:insert>
  <mds:insert parent="(xmlns(mds_ns1=http://xmlns.oracle.com/adfmcatalog))/mds_ns1:Definitions" position="last">
    <ViewObject fullName="sessiondef.oracle.iam.ui.runtime.form.model.PCFRequestDevelopment.view.PCFRequestDevelopmentVO" publishToBusinessEditor="true" xmlns="http://xmlns.oracle.com/adfmcatalog"/>
  </mds:insert>
  <mds:insert parent="(xmlns(mds_ns1=http://xmlns.oracle.com/adfmcatalog))/mds_ns1:Definitions" position="last">
    <ViewObject fullName="sessiondef.oracle.iam.ui.runtime.form.model.PCFRequestDevelopment.view.PCFRequestDevelopmentUD_PCFD_SRLVO" publishToBusinessEditor="true" xmlns="http://xmlns.oracle.com/adfmcatalog"/>
  </mds:insert>
  <mds:insert parent="(xmlns(mds_ns1=http://xmlns.oracle.com/adfmcatalog))/mds_ns1:Definitions" position="last">
    <ViewObject fullName="sessiondef.oracle.iam.ui.runtime.form.model.PCFRequestDevelopment.view.PCFRequestDevelopmentUD_PCFD_ORLVO" publishToBusinessEditor="true" xmlns="http://xmlns.oracle.com/adfmcatalog"/>
  </mds:insert>
  <mds:insert parent="(xmlns(mds_ns1=http://xmlns.oracle.com/adfmcatalog))/mds_ns1:Definitions" position="last">
    <ViewObject fullName="sessiondef.oracle.iam.ui.runtime.form.model.PCFRequestDevelopment.view.PCFRequestDevelopmentUD_PCFD_UGPVO" publishToBusinessEditor="true" xmlns="http://xmlns.oracle.com/adfmcatalog"/>
  </mds:insert>
  <mds:insert parent="(xmlns(mds_ns1=http://xmlns.oracle.com/adfmcatalog))/mds_ns1:Definitions" position="last">
    <ViewObject fullName="sessiondef.oracle.iam.ui.runtime.form.model.PIAVRequest.view.PIAVRequestVO" publishToBusinessEditor="true" xmlns="http://xmlns.oracle.com/adfmcatalog"/>
  </mds:insert>
  <mds:insert parent="(xmlns(mds_ns1=http://xmlns.oracle.com/adfmcatalog))/mds_ns1:Definitions" position="last">
    <ViewObject fullName="sessiondef.oracle.iam.ui.runtime.form.model.PIAVRequest.view.PIAVRequestUD_PIAV_GRPVO" publishToBusinessEditor="true" xmlns="http://xmlns.oracle.com/adfmcatalog"/>
  </mds:insert>
  <mds:insert parent="(xmlns(mds_ns1=http://xmlns.oracle.com/adfmcatalog))/mds_ns1:Definitions" position="last">
    <ViewObject fullName="sessiondef.oracle.iam.ui.runtime.form.model.PIAVRequest.view.PIAVRequestUD_PIAV_ROLVO" publishToBusinessEditor="true" xmlns="http://xmlns.oracle.com/adfmcatalog"/>
  </mds:insert>
  <mds:insert parent="(xmlns(mds_ns1=http://xmlns.oracle.com/adfmcatalog))/mds_ns1:Definitions" position="last">
    <ViewObject fullName="sessiondef.oracle.iam.ui.runtime.form.model.PAPRequest.view.PAPRequestVO" publishToBusinessEditor="true" xmlns="http://xmlns.oracle.com/adfmcatalog"/>
  </mds:insert>
  <mds:insert parent="(xmlns(mds_ns1=http://xmlns.oracle.com/adfmcatalog))/mds_ns1:Definitions" position="last">
    <ViewObject fullName="sessiondef.oracle.iam.ui.runtime.form.model.PAPRequest.view.PAPRequestUD_PAP_UGPVO" publishToBusinessEditor="true" xmlns="http://xmlns.oracle.com/adfmcatalog"/>
  </mds:insert>
  <mds:insert parent="(xmlns(mds_ns1=http://xmlns.oracle.com/adfmcatalog))/mds_ns1:Definitions" position="last">
    <ViewObject fullName="sessiondef.oracle.iam.ui.runtime.form.model.SZ4Request.view.SZ4RequestVO" publishToBusinessEditor="true" xmlns="http://xmlns.oracle.com/adfmcatalog"/>
  </mds:insert>
  <mds:insert parent="(xmlns(mds_ns1=http://xmlns.oracle.com/adfmcatalog))/mds_ns1:Definitions" position="last">
    <ViewObject fullName="sessiondef.oracle.iam.ui.runtime.form.model.SZ4Request.view.SZ4RequestUD_SZ4_UGPVO" publishToBusinessEditor="true" xmlns="http://xmlns.oracle.com/adfmcatalog"/>
  </mds:insert>
  <mds:insert parent="(xmlns(mds_ns1=http://xmlns.oracle.com/adfmcatalog))/mds_ns1:Definitions" position="last">
    <ViewObject fullName="sessiondef.oracle.iam.ui.runtime.form.model.AJSRequest.view.AJSRequestVO" publishToBusinessEditor="true" xmlns="http://xmlns.oracle.com/adfmcatalog"/>
  </mds:insert>
  <mds:insert parent="(xmlns(mds_ns1=http://xmlns.oracle.com/adfmcatalog))/mds_ns1:Definitions" position="last">
    <ViewObject fullName="sessiondef.oracle.iam.ui.runtime.form.model.AJSRequest.view.AJSRequestUD_AJS_PRJVO" publishToBusinessEditor="true" xmlns="http://xmlns.oracle.com/adfmcatalog"/>
  </mds:insert>
  <mds:insert parent="(xmlns(mds_ns1=http://xmlns.oracle.com/adfmcatalog))/mds_ns1:Definitions" position="last">
    <ViewObject fullName="sessiondef.oracle.iam.ui.runtime.form.model.AJSRequest.view.AJSRequestUD_AJS_GRPVO" publishToBusinessEditor="true" xmlns="http://xmlns.oracle.com/adfmcatalog"/>
  </mds:insert>
  <mds:insert parent="(xmlns(mds_ns1=http://xmlns.oracle.com/adfmcatalog))/mds_ns1:Definitions" position="last">
    <ViewObject fullName="sessiondef.oracle.iam.ui.runtime.form.model.GAEPRequest.view.GAEPRequestVO" publishToBusinessEditor="true" xmlns="http://xmlns.oracle.com/adfmcatalog"/>
  </mds:insert>
  <mds:insert parent="(xmlns(mds_ns1=http://xmlns.oracle.com/adfmcatalog))/mds_ns1:Definitions" position="last">
    <ViewObject fullName="sessiondef.oracle.iam.ui.runtime.form.model.GAEPRequest.view.GAEPRequestUD_GAEP_URLVO" publishToBusinessEditor="true" xmlns="http://xmlns.oracle.com/adfmcatalog"/>
  </mds:insert>
  <mds:insert parent="(xmlns(mds_ns1=http://xmlns.oracle.com/adfmcatalog))/mds_ns1:Definitions" position="last">
    <ViewObject fullName="sessiondef.oracle.iam.ui.runtime.form.model.GAETRequest.view.GAETRequestVO" publishToBusinessEditor="true" xmlns="http://xmlns.oracle.com/adfmcatalog"/>
  </mds:insert>
  <mds:insert parent="(xmlns(mds_ns1=http://xmlns.oracle.com/adfmcatalog))/mds_ns1:Definitions" position="last">
    <ViewObject fullName="sessiondef.oracle.iam.ui.runtime.form.model.GAETRequest.view.GAETRequestUD_GAET_URLVO" publishToBusinessEditor="true" xmlns="http://xmlns.oracle.com/adfmcatalog"/>
  </mds:insert>
  <mds:insert parent="(xmlns(mds_ns1=http://xmlns.oracle.com/adfmcatalog))/mds_ns1:Definitions" position="last">
    <ViewObject fullName="sessiondef.oracle.iam.ui.runtime.form.model.GAEPD01Request.view.GAEPD01RequestVO" publishToBusinessEditor="true" xmlns="http://xmlns.oracle.com/adfmcatalog"/>
  </mds:insert>
  <mds:insert parent="(xmlns(mds_ns1=http://xmlns.oracle.com/adfmcatalog))/mds_ns1:Definitions" position="last">
    <ViewObject fullName="sessiondef.oracle.iam.ui.runtime.form.model.GAEPD01Request.view.GAEPD01RequestUD_D01P_DAPVO" publishToBusinessEditor="true" xmlns="http://xmlns.oracle.com/adfmcatalog"/>
  </mds:insert>
  <mds:insert parent="(xmlns(mds_ns1=http://xmlns.oracle.com/adfmcatalog))/mds_ns1:Definitions" position="last">
    <ViewObject fullName="sessiondef.oracle.iam.ui.runtime.form.model.GAEPD02Request.view.GAEPD02RequestVO" publishToBusinessEditor="true" xmlns="http://xmlns.oracle.com/adfmcatalog"/>
  </mds:insert>
  <mds:insert parent="(xmlns(mds_ns1=http://xmlns.oracle.com/adfmcatalog))/mds_ns1:Definitions" position="last">
    <ViewObject fullName="sessiondef.oracle.iam.ui.runtime.form.model.GAEPD02Request.view.GAEPD02RequestUD_D02P_DAPVO" publishToBusinessEditor="true" xmlns="http://xmlns.oracle.com/adfmcatalog"/>
  </mds:insert>
  <mds:insert parent="(xmlns(mds_ns1=http://xmlns.oracle.com/adfmcatalog))/mds_ns1:Definitions" position="last">
    <ViewObject fullName="sessiondef.oracle.iam.ui.runtime.form.model.GAEPD03Request.view.GAEPD03RequestVO" publishToBusinessEditor="true" xmlns="http://xmlns.oracle.com/adfmcatalog"/>
  </mds:insert>
  <mds:insert parent="(xmlns(mds_ns1=http://xmlns.oracle.com/adfmcatalog))/mds_ns1:Definitions" position="last">
    <ViewObject fullName="sessiondef.oracle.iam.ui.runtime.form.model.GAEPD03Request.view.GAEPD03RequestUD_D03P_DAPVO" publishToBusinessEditor="true" xmlns="http://xmlns.oracle.com/adfmcatalog"/>
  </mds:insert>
  <mds:insert parent="(xmlns(mds_ns1=http://xmlns.oracle.com/adfmcatalog))/mds_ns1:Definitions" position="last">
    <ViewObject fullName="sessiondef.oracle.iam.ui.runtime.form.model.GAETD01Request.view.GAETD01RequestVO" publishToBusinessEditor="true" xmlns="http://xmlns.oracle.com/adfmcatalog"/>
  </mds:insert>
  <mds:insert parent="(xmlns(mds_ns1=http://xmlns.oracle.com/adfmcatalog))/mds_ns1:Definitions" position="last">
    <ViewObject fullName="sessiondef.oracle.iam.ui.runtime.form.model.GAETD01Request.view.GAETD01RequestUD_D01T_DAPVO" publishToBusinessEditor="true" xmlns="http://xmlns.oracle.com/adfmcatalog"/>
  </mds:insert>
  <mds:insert parent="(xmlns(mds_ns1=http://xmlns.oracle.com/adfmcatalog))/mds_ns1:Definitions" position="last">
    <ViewObject fullName="sessiondef.oracle.iam.ui.runtime.form.model.GAETD02Request.view.GAETD02RequestVO" publishToBusinessEditor="true" xmlns="http://xmlns.oracle.com/adfmcatalog"/>
  </mds:insert>
  <mds:insert parent="(xmlns(mds_ns1=http://xmlns.oracle.com/adfmcatalog))/mds_ns1:Definitions" position="last">
    <ViewObject fullName="sessiondef.oracle.iam.ui.runtime.form.model.GAETD02Request.view.GAETD02RequestUD_D02T_DAPVO" publishToBusinessEditor="true" xmlns="http://xmlns.oracle.com/adfmcatalog"/>
  </mds:insert>
</mds:customization>