<sandbox_metadata xmlns='http://xmlns.oracle.com/mds/sandbox'  version='11.1.1.4.0' >
<user_metadata xmlns='http://xmlns.oracle.com/mds/sandbox' >
    <comments>IdM Long Running Sandbox</comments>
    <description>User Interface Customization&apos;s along the requirements of Federated Identity Management applicable on manage users page.	</description>
    <createdBy>xelsysadm</createdBy>
    <createdOn>1738595609805</createdOn>
    <lastModifiedBy>USR_1/XELSYSADM</lastModifiedBy>
    <lastModifiedOn>1738597549302</lastModifiedOn>
    <mainlineLabel>Creation_IdM_bka-users-identity_04:13:29</mainlineLabel>
    <mergedBy></mergedBy>
    <mergedOn></mergedOn>
    <postMergeLabel></postMergeLabel>
    <preMergeLabel></preMergeLabel>
    <preUndoLabel></preUndoLabel>
    <postUndoLabel></postUndoLabel>
    <undoneBy></undoneBy>
    <finalizedBy></finalizedBy>
    <name>IdM_bka-users-identity</name>
</user_metadata>
<custom_metadata xmlns='http://xmlns.oracle.com/mds/sandbox' >
</custom_metadata>
<system_metadata xmlns='http://xmlns.oracle.com/mds/sandbox' >
<listOfDocsInSandbox>
</listOfDocsInSandbox>
</system_metadata>
</sandbox_metadata>
