<?xml version='1.0' encoding='UTF-8'?>
<mds:customization version="12.2.1_20170820.0914" xmlns:mds="http://xmlns.oracle.com/mds" motype_local_name="root" motype_nsuri="http://java.sun.com/JSP/Page">
   <mds:replace node="s7"/>
   <mds:move node="soc1" after="soc2" parent="pfl1" reparentedUnderInsert="false"/>
   <mds:insert parent="pfl1" position="last">
      <af:inputText xmlns:af="http://xmlns.oracle.com/adf/faces/rich" value="#{bindings.code_nsis__c.inputValue}" label="#{bindings.code_nsis__c.hints.label}" required="#{bindings.code_nsis__c.hints.mandatory}" columns="#{bindings.code_nsis__c.hints.displayWidth}" maximumLength="#{bindings.code_nsis__c.hints.precision}" shortDesc="#{bindings.code_nsis__c.hints.tooltip}" id="dtrt_dc_8366505684" autoSubmit="true" valueChangeListener="#{pageFlowScope.orgStateBean.pageValueChangedListener}">
         <f:validator xmlns:f="http://java.sun.com/jsf/core" binding="#{bindings.code_nsis__c.validator}"/>
      </af:inputText>
   </mds:insert>
   <mds:insert parent="pfl1" position="last">
      <af:inputText xmlns:af="http://xmlns.oracle.com/adf/faces/rich" value="#{bindings.tenant_uid__c.inputValue}" label="#{bindings.tenant_uid__c.hints.label}" required="#{bindings.tenant_uid__c.hints.mandatory}" columns="#{bindings.tenant_uid__c.hints.displayWidth}" maximumLength="#{bindings.tenant_uid__c.hints.precision}" shortDesc="#{bindings.tenant_uid__c.hints.tooltip}" id="dtrt_dc_6495660083" autoSubmit="true" valueChangeListener="#{pageFlowScope.orgStateBean.pageValueChangedListener}">
         <f:validator xmlns:f="http://java.sun.com/jsf/core" binding="#{bindings.tenant_uid__c.validator}"/>
      </af:inputText>
   </mds:insert>
   <mds:move node="soc1" parent="pfl1" position="last" reparentedUnderInsert="false"/>
   <mds:move node="plm3" parent="pfl1" position="last" reparentedUnderInsert="false"/>
   <mds:move node="plm31" parent="pfl1" position="last" reparentedUnderInsert="false"/>
   <mds:move node="soc23" parent="pfl1" position="last" reparentedUnderInsert="false"/>
   <mds:modify element="pfl1">
      <mds:attribute name="labelWidth" value="315"/>
   </mds:modify>
   <mds:modify element="pfl3">
      <mds:attribute name="labelWidth" value="300"/>
   </mds:modify>
   <mds:modify element="certifierUserId">
      <mds:attribute name="columns" value="40"/>
   </mds:modify>
   <mds:modify element="passwordPolicyId">
      <mds:attribute name="columns" value="40"/>
   </mds:modify>
   <mds:modify element="ps3">
      <mds:attribute name="splitterPosition" value="330"/>
   </mds:modify>
</mds:customization>
