<?xml version='1.0' encoding='UTF-8'?>
<mds:customization version="12.2.1_20170820.0914" xmlns:mds="http://xmlns.oracle.com/mds" motype_local_name="pageDefinition" motype_nsuri="http://xmlns.oracle.com/adfm/uimodel">
   <mds:insert parent="crud_orgPageDef" position="last">
      <bindings xmlns="http://xmlns.oracle.com/adfm/uimodel"/>
   </mds:insert>
   <mds:insert parent="crud_orgPageDef(xmlns(mds_ns1=http://xmlns.oracle.com/adfm/uimodel))/mds_ns1:bindings" position="last">
      <attributeValues IterBinding="EditOrgVOIterator" id="code_nsis__c" xmlns="http://xmlns.oracle.com/adfm/uimodel">
         <AttrNames>
            <Item Value="code_nsis__c"/>
         </AttrNames>
      </attributeValues>
   </mds:insert>
   <mds:insert parent="crud_orgPageDef(xmlns(mds_ns1=http://xmlns.oracle.com/adfm/uimodel))/mds_ns1:bindings" position="last">
      <attributeValues IterBinding="EditOrgVOIterator" id="tenant_uid__c" xmlns="http://xmlns.oracle.com/adfm/uimodel">
         <AttrNames>
            <Item Value="tenant_uid__c"/>
         </AttrNames>
      </attributeValues>
   </mds:insert>
</mds:customization>