<sandbox_metadata xmlns='http://xmlns.oracle.com/mds/sandbox'  version='11.1.1.4.0' >
<user_metadata xmlns='http://xmlns.oracle.com/mds/sandbox' >
    <comments>IdM Long Running Sandbox</comments>
    <description>Data Model Customization&apos;s along the requirements of Federated Identity Management applicable on entity User.</description>
    <createdBy>xelsysadm</createdBy>
    <createdOn>1723558275649</createdOn>
    <lastModifiedBy>USR_1/XELSYSADM</lastModifiedBy>
    <lastModifiedOn>1723558523865</lastModifiedOn>
    <mainlineLabel>Creation_IdM_usr-entity-sysadmin-04_04:11:15</mainlineLabel>
    <mergedBy></mergedBy>
    <mergedOn></mergedOn>
    <postMergeLabel></postMergeLabel>
    <preMergeLabel></preMergeLabel>
    <preUndoLabel></preUndoLabel>
    <postUndoLabel></postUndoLabel>
    <undoneBy></undoneBy>
    <finalizedBy></finalizedBy>
    <name>IdM_usr-entity-sysadmin-04</name>
</user_metadata>
<custom_metadata xmlns='http://xmlns.oracle.com/mds/sandbox' >
</custom_metadata>
<system_metadata xmlns='http://xmlns.oracle.com/mds/sandbox' >
<listOfDocsInSandbox>
</listOfDocsInSandbox>
</system_metadata>
</sandbox_metadata>
