<?xml version='1.0' encoding='UTF-8'?>
<mds:customization version="12.2.1_20170820.0914" xmlns:mds="http://xmlns.oracle.com/mds" motype_local_name="PDefApplicationModule" motype_nsuri="http://xmlns.oracle.com/bc4j">
   <mds:insert parent="CatalogAM" position="last">
      <ViewUsage Name="IDSRequestVO" ViewObjectName="sessiondef.oracle.iam.ui.runtime.form.model.IDSRequest.view.IDSRequestVO" xmlns="http://xmlns.oracle.com/bc4j"/>
   </mds:insert>
   <mds:insert parent="CatalogAM" position="last">
      <ViewUsage Name="IDSRequestUD_IDS_GRPVO" ViewObjectName="sessiondef.oracle.iam.ui.runtime.form.model.IDSRequest.view.IDSRequestUD_IDS_GRPVO" xmlns="http://xmlns.oracle.com/bc4j"/>
   </mds:insert>
   <mds:insert parent="CatalogAM" position="last">
      <ViewLinkUsage Name="IDSRequestVOToIDSRequestUD_IDS_GRPVOLink" ViewLinkObjectName="sessiondef.oracle.iam.ui.runtime.form.model.IDSRequest.link.IDSRequestVOToIDSRequestUD_IDS_GRPVOLink" SrcViewUsageName="IDSRequestVO" DstViewUsageName="IDSRequestUD_IDS_GRPVO" xmlns="http://xmlns.oracle.com/bc4j"/>
   </mds:insert>
   <mds:insert parent="CatalogAM" position="last">
      <ViewUsage Name="IDSRequestUD_IDS_ROLVO" ViewObjectName="sessiondef.oracle.iam.ui.runtime.form.model.IDSRequest.view.IDSRequestUD_IDS_ROLVO" xmlns="http://xmlns.oracle.com/bc4j"/>
   </mds:insert>
   <mds:insert parent="CatalogAM" position="last">
      <ViewLinkUsage Name="IDSRequestVOToIDSRequestUD_IDS_ROLVOLink" ViewLinkObjectName="sessiondef.oracle.iam.ui.runtime.form.model.IDSRequest.link.IDSRequestVOToIDSRequestUD_IDS_ROLVOLink" SrcViewUsageName="IDSRequestVO" DstViewUsageName="IDSRequestUD_IDS_ROLVO" xmlns="http://xmlns.oracle.com/bc4j"/>
   </mds:insert>
   <mds:insert parent="CatalogAM" position="last">
      <ViewUsage Name="CTSRequestVO" ViewObjectName="sessiondef.oracle.iam.ui.runtime.form.model.CTSRequest.view.CTSRequestVO" xmlns="http://xmlns.oracle.com/bc4j"/>
   </mds:insert>
   <mds:insert parent="CatalogAM" position="last">
      <ViewUsage Name="CTSRequestUD_CTS_UGPVO" ViewObjectName="sessiondef.oracle.iam.ui.runtime.form.model.CTSRequest.view.CTSRequestUD_CTS_UGPVO" xmlns="http://xmlns.oracle.com/bc4j"/>
   </mds:insert>
   <mds:insert parent="CatalogAM" position="last">
      <ViewLinkUsage Name="CTSRequestVOToCTSRequestUD_CTS_UGPVOLink" ViewLinkObjectName="sessiondef.oracle.iam.ui.runtime.form.model.CTSRequest.link.CTSRequestVOToCTSRequestUD_CTS_UGPVOLink" SrcViewUsageName="CTSRequestVO" DstViewUsageName="CTSRequestUD_CTS_UGPVO" xmlns="http://xmlns.oracle.com/bc4j"/>
   </mds:insert>
   <mds:insert parent="CatalogAM" position="last">
      <ViewUsage Name="eFBSRequestProductionVO" ViewObjectName="sessiondef.oracle.iam.ui.runtime.form.model.eFBSRequestProduction.view.eFBSRequestProductionVO" xmlns="http://xmlns.oracle.com/bc4j"/>
   </mds:insert>
   <mds:insert parent="CatalogAM" position="last">
      <ViewUsage Name="eFBSRequestProductionUD_EFBSP_MVO" ViewObjectName="sessiondef.oracle.iam.ui.runtime.form.model.eFBSRequestProduction.view.eFBSRequestProductionUD_EFBSP_MVO" xmlns="http://xmlns.oracle.com/bc4j"/>
   </mds:insert>
   <mds:insert parent="CatalogAM" position="last">
      <ViewLinkUsage Name="eFBSRequestProductionVOToeFBSRequestProductionUD_EFBSP_MVOLink" ViewLinkObjectName="sessiondef.oracle.iam.ui.runtime.form.model.eFBSRequestProduction.link.eFBSRequestProductionVOToeFBSRequestProductionUD_EFBSP_MVOLink" SrcViewUsageName="eFBSRequestProductionVO" DstViewUsageName="eFBSRequestProductionUD_EFBSP_MVO" xmlns="http://xmlns.oracle.com/bc4j"/>
   </mds:insert>
   <mds:insert parent="CatalogAM" position="last">
      <ViewUsage Name="eFBSRequestProductionUD_EFBSP_PVO" ViewObjectName="sessiondef.oracle.iam.ui.runtime.form.model.eFBSRequestProduction.view.eFBSRequestProductionUD_EFBSP_PVO" xmlns="http://xmlns.oracle.com/bc4j"/>
   </mds:insert>
   <mds:insert parent="CatalogAM" position="last">
      <ViewLinkUsage Name="eFBSRequestProductionVOToeFBSRequestProductionUD_EFBSP_PVOLink" ViewLinkObjectName="sessiondef.oracle.iam.ui.runtime.form.model.eFBSRequestProduction.link.eFBSRequestProductionVOToeFBSRequestProductionUD_EFBSP_PVOLink" SrcViewUsageName="eFBSRequestProductionVO" DstViewUsageName="eFBSRequestProductionUD_EFBSP_PVO" xmlns="http://xmlns.oracle.com/bc4j"/>
   </mds:insert>
   <mds:insert parent="CatalogAM" position="last">
      <ViewUsage Name="eFBSRequestEducationVO" ViewObjectName="sessiondef.oracle.iam.ui.runtime.form.model.eFBSRequestEducation.view.eFBSRequestEducationVO" xmlns="http://xmlns.oracle.com/bc4j"/>
   </mds:insert>
   <mds:insert parent="CatalogAM" position="last">
      <ViewUsage Name="eFBSRequestEducationUD_EFBSE_MVO" ViewObjectName="sessiondef.oracle.iam.ui.runtime.form.model.eFBSRequestEducation.view.eFBSRequestEducationUD_EFBSE_MVO" xmlns="http://xmlns.oracle.com/bc4j"/>
   </mds:insert>
   <mds:insert parent="CatalogAM" position="last">
      <ViewLinkUsage Name="eFBSRequestEducationVOToeFBSRequestEducationUD_EFBSE_MVOLink" ViewLinkObjectName="sessiondef.oracle.iam.ui.runtime.form.model.eFBSRequestEducation.link.eFBSRequestEducationVOToeFBSRequestEducationUD_EFBSE_MVOLink" SrcViewUsageName="eFBSRequestEducationVO" DstViewUsageName="eFBSRequestEducationUD_EFBSE_MVO" xmlns="http://xmlns.oracle.com/bc4j"/>
   </mds:insert>
   <mds:insert parent="CatalogAM" position="last">
      <ViewUsage Name="eFBSRequestEducationUD_EFBSE_PVO" ViewObjectName="sessiondef.oracle.iam.ui.runtime.form.model.eFBSRequestEducation.view.eFBSRequestEducationUD_EFBSE_PVO" xmlns="http://xmlns.oracle.com/bc4j"/>
   </mds:insert>
   <mds:insert parent="CatalogAM" position="last">
      <ViewLinkUsage Name="eFBSRequestEducationVOToeFBSRequestEducationUD_EFBSE_PVOLink" ViewLinkObjectName="sessiondef.oracle.iam.ui.runtime.form.model.eFBSRequestEducation.link.eFBSRequestEducationVOToeFBSRequestEducationUD_EFBSE_PVOLink" SrcViewUsageName="eFBSRequestEducationVO" DstViewUsageName="eFBSRequestEducationUD_EFBSE_PVO" xmlns="http://xmlns.oracle.com/bc4j"/>
   </mds:insert>
   <mds:insert parent="CatalogAM" position="last">
      <ViewUsage Name="PSCRequestVO" ViewObjectName="sessiondef.oracle.iam.ui.runtime.form.model.PSCRequest.view.PSCRequestVO" xmlns="http://xmlns.oracle.com/bc4j"/>
   </mds:insert>
   <mds:insert parent="CatalogAM" position="last">
      <ViewUsage Name="PSCRequestUD_PSC_UGPVO" ViewObjectName="sessiondef.oracle.iam.ui.runtime.form.model.PSCRequest.view.PSCRequestUD_PSC_UGPVO" xmlns="http://xmlns.oracle.com/bc4j"/>
   </mds:insert>
   <mds:insert parent="CatalogAM" position="last">
      <ViewLinkUsage Name="PSCRequestVOToPSCRequestUD_PSC_UGPVOLink" ViewLinkObjectName="sessiondef.oracle.iam.ui.runtime.form.model.PSCRequest.link.PSCRequestVOToPSCRequestUD_PSC_UGPVOLink" SrcViewUsageName="PSCRequestVO" DstViewUsageName="PSCRequestUD_PSC_UGPVO" xmlns="http://xmlns.oracle.com/bc4j"/>
   </mds:insert>
   <mds:insert parent="CatalogAM" position="last">
      <ViewUsage Name="PCFRequestProductionVO" ViewObjectName="sessiondef.oracle.iam.ui.runtime.form.model.PCFRequestProduction.view.PCFRequestProductionVO" xmlns="http://xmlns.oracle.com/bc4j"/>
   </mds:insert>
   <mds:insert parent="CatalogAM" position="last">
      <ViewUsage Name="PCFRequestProductionUD_PCFP_SRLVO" ViewObjectName="sessiondef.oracle.iam.ui.runtime.form.model.PCFRequestProduction.view.PCFRequestProductionUD_PCFP_SRLVO" xmlns="http://xmlns.oracle.com/bc4j"/>
   </mds:insert>
   <mds:insert parent="CatalogAM" position="last">
      <ViewLinkUsage Name="PCFRequestProductionVOToPCFRequestProductionUD_PCFP_SRLVOLink" ViewLinkObjectName="sessiondef.oracle.iam.ui.runtime.form.model.PCFRequestProduction.link.PCFRequestProductionVOToPCFRequestProductionUD_PCFP_SRLVOLink" SrcViewUsageName="PCFRequestProductionVO" DstViewUsageName="PCFRequestProductionUD_PCFP_SRLVO" xmlns="http://xmlns.oracle.com/bc4j"/>
   </mds:insert>
   <mds:insert parent="CatalogAM" position="last">
      <ViewUsage Name="PCFRequestProductionUD_PCFP_ORLVO" ViewObjectName="sessiondef.oracle.iam.ui.runtime.form.model.PCFRequestProduction.view.PCFRequestProductionUD_PCFP_ORLVO" xmlns="http://xmlns.oracle.com/bc4j"/>
   </mds:insert>
   <mds:insert parent="CatalogAM" position="last">
      <ViewLinkUsage Name="PCFRequestProductionVOToPCFRequestProductionUD_PCFP_ORLVOLink" ViewLinkObjectName="sessiondef.oracle.iam.ui.runtime.form.model.PCFRequestProduction.link.PCFRequestProductionVOToPCFRequestProductionUD_PCFP_ORLVOLink" SrcViewUsageName="PCFRequestProductionVO" DstViewUsageName="PCFRequestProductionUD_PCFP_ORLVO" xmlns="http://xmlns.oracle.com/bc4j"/>
   </mds:insert>
   <mds:insert parent="CatalogAM" position="last">
      <ViewUsage Name="PCFRequestProductionUD_PCFP_UGPVO" ViewObjectName="sessiondef.oracle.iam.ui.runtime.form.model.PCFRequestProduction.view.PCFRequestProductionUD_PCFP_UGPVO" xmlns="http://xmlns.oracle.com/bc4j"/>
   </mds:insert>
   <mds:insert parent="CatalogAM" position="last">
      <ViewLinkUsage Name="PCFRequestProductionVOToPCFRequestProductionUD_PCFP_UGPVOLink" ViewLinkObjectName="sessiondef.oracle.iam.ui.runtime.form.model.PCFRequestProduction.link.PCFRequestProductionVOToPCFRequestProductionUD_PCFP_UGPVOLink" SrcViewUsageName="PCFRequestProductionVO" DstViewUsageName="PCFRequestProductionUD_PCFP_UGPVO" xmlns="http://xmlns.oracle.com/bc4j"/>
   </mds:insert>
   <mds:insert parent="CatalogAM" position="last">
      <ViewUsage Name="PCFRequestDevelopmentVO" ViewObjectName="sessiondef.oracle.iam.ui.runtime.form.model.PCFRequestDevelopment.view.PCFRequestDevelopmentVO" xmlns="http://xmlns.oracle.com/bc4j"/>
   </mds:insert>
   <mds:insert parent="CatalogAM" position="last">
      <ViewUsage Name="PCFRequestDevelopmentUD_PCFD_SRLVO" ViewObjectName="sessiondef.oracle.iam.ui.runtime.form.model.PCFRequestDevelopment.view.PCFRequestDevelopmentUD_PCFD_SRLVO" xmlns="http://xmlns.oracle.com/bc4j"/>
   </mds:insert>
   <mds:insert parent="CatalogAM" position="last">
      <ViewLinkUsage Name="PCFRequestDevelopmentVOToPCFRequestDevelopmentUD_PCFD_SRLVOLink" ViewLinkObjectName="sessiondef.oracle.iam.ui.runtime.form.model.PCFRequestDevelopment.link.PCFRequestDevelopmentVOToPCFRequestDevelopmentUD_PCFD_SRLVOLink" SrcViewUsageName="PCFRequestDevelopmentVO" DstViewUsageName="PCFRequestDevelopmentUD_PCFD_SRLVO" xmlns="http://xmlns.oracle.com/bc4j"/>
   </mds:insert>
   <mds:insert parent="CatalogAM" position="last">
      <ViewUsage Name="PCFRequestDevelopmentUD_PCFD_ORLVO" ViewObjectName="sessiondef.oracle.iam.ui.runtime.form.model.PCFRequestDevelopment.view.PCFRequestDevelopmentUD_PCFD_ORLVO" xmlns="http://xmlns.oracle.com/bc4j"/>
   </mds:insert>
   <mds:insert parent="CatalogAM" position="last">
      <ViewLinkUsage Name="PCFRequestDevelopmentVOToPCFRequestDevelopmentUD_PCFD_ORLVOLink" ViewLinkObjectName="sessiondef.oracle.iam.ui.runtime.form.model.PCFRequestDevelopment.link.PCFRequestDevelopmentVOToPCFRequestDevelopmentUD_PCFD_ORLVOLink" SrcViewUsageName="PCFRequestDevelopmentVO" DstViewUsageName="PCFRequestDevelopmentUD_PCFD_ORLVO" xmlns="http://xmlns.oracle.com/bc4j"/>
   </mds:insert>
   <mds:insert parent="CatalogAM" position="last">
      <ViewUsage Name="PCFRequestDevelopmentUD_PCFD_UGPVO" ViewObjectName="sessiondef.oracle.iam.ui.runtime.form.model.PCFRequestDevelopment.view.PCFRequestDevelopmentUD_PCFD_UGPVO" xmlns="http://xmlns.oracle.com/bc4j"/>
   </mds:insert>
   <mds:insert parent="CatalogAM" position="last">
      <ViewLinkUsage Name="PCFRequestDevelopmentVOToPCFRequestDevelopmentUD_PCFD_UGPVOLink" ViewLinkObjectName="sessiondef.oracle.iam.ui.runtime.form.model.PCFRequestDevelopment.link.PCFRequestDevelopmentVOToPCFRequestDevelopmentUD_PCFD_UGPVOLink" SrcViewUsageName="PCFRequestDevelopmentVO" DstViewUsageName="PCFRequestDevelopmentUD_PCFD_UGPVO" xmlns="http://xmlns.oracle.com/bc4j"/>
   </mds:insert>
   <mds:insert parent="CatalogAM" position="last">
      <ViewUsage Name="PIAVRequestVO" ViewObjectName="sessiondef.oracle.iam.ui.runtime.form.model.PIAVRequest.view.PIAVRequestVO" xmlns="http://xmlns.oracle.com/bc4j"/>
   </mds:insert>
   <mds:insert parent="CatalogAM" position="last">
      <ViewUsage Name="PIAVRequestUD_PIAV_GRPVO" ViewObjectName="sessiondef.oracle.iam.ui.runtime.form.model.PIAVRequest.view.PIAVRequestUD_PIAV_GRPVO" xmlns="http://xmlns.oracle.com/bc4j"/>
   </mds:insert>
   <mds:insert parent="CatalogAM" position="last">
      <ViewLinkUsage Name="PIAVRequestVOToPIAVRequestUD_PIAV_GRPVOLink" ViewLinkObjectName="sessiondef.oracle.iam.ui.runtime.form.model.PIAVRequest.link.PIAVRequestVOToPIAVRequestUD_PIAV_GRPVOLink" SrcViewUsageName="PIAVRequestVO" DstViewUsageName="PIAVRequestUD_PIAV_GRPVO" xmlns="http://xmlns.oracle.com/bc4j"/>
   </mds:insert>
   <mds:insert parent="CatalogAM" position="last">
      <ViewUsage Name="PIAVRequestUD_PIAV_ROLVO" ViewObjectName="sessiondef.oracle.iam.ui.runtime.form.model.PIAVRequest.view.PIAVRequestUD_PIAV_ROLVO" xmlns="http://xmlns.oracle.com/bc4j"/>
   </mds:insert>
   <mds:insert parent="CatalogAM" position="last">
      <ViewLinkUsage Name="PIAVRequestVOToPIAVRequestUD_PIAV_ROLVOLink" ViewLinkObjectName="sessiondef.oracle.iam.ui.runtime.form.model.PIAVRequest.link.PIAVRequestVOToPIAVRequestUD_PIAV_ROLVOLink" SrcViewUsageName="PIAVRequestVO" DstViewUsageName="PIAVRequestUD_PIAV_ROLVO" xmlns="http://xmlns.oracle.com/bc4j"/>
   </mds:insert>
   <mds:insert parent="CatalogAM" position="last">
      <ViewUsage Name="PAPRequestVO" ViewObjectName="sessiondef.oracle.iam.ui.runtime.form.model.PAPRequest.view.PAPRequestVO" xmlns="http://xmlns.oracle.com/bc4j"/>
   </mds:insert>
   <mds:insert parent="CatalogAM" position="last">
      <ViewUsage Name="PAPRequestUD_PAP_UGPVO" ViewObjectName="sessiondef.oracle.iam.ui.runtime.form.model.PAPRequest.view.PAPRequestUD_PAP_UGPVO" xmlns="http://xmlns.oracle.com/bc4j"/>
   </mds:insert>
   <mds:insert parent="CatalogAM" position="last">
      <ViewLinkUsage Name="PAPRequestVOToPAPRequestUD_PAP_UGPVOLink" ViewLinkObjectName="sessiondef.oracle.iam.ui.runtime.form.model.PAPRequest.link.PAPRequestVOToPAPRequestUD_PAP_UGPVOLink" SrcViewUsageName="PAPRequestVO" DstViewUsageName="PAPRequestUD_PAP_UGPVO" xmlns="http://xmlns.oracle.com/bc4j"/>
   </mds:insert>
   <mds:insert parent="CatalogAM" position="last">
      <ViewUsage Name="SZ4RequestVO" ViewObjectName="sessiondef.oracle.iam.ui.runtime.form.model.SZ4Request.view.SZ4RequestVO" xmlns="http://xmlns.oracle.com/bc4j"/>
   </mds:insert>
   <mds:insert parent="CatalogAM" position="last">
      <ViewUsage Name="SZ4RequestUD_SZ4_UGPVO" ViewObjectName="sessiondef.oracle.iam.ui.runtime.form.model.SZ4Request.view.SZ4RequestUD_SZ4_UGPVO" xmlns="http://xmlns.oracle.com/bc4j"/>
   </mds:insert>
   <mds:insert parent="CatalogAM" position="last">
      <ViewLinkUsage Name="SZ4RequestVOToSZ4RequestUD_SZ4_UGPVOLink" ViewLinkObjectName="sessiondef.oracle.iam.ui.runtime.form.model.SZ4Request.link.SZ4RequestVOToSZ4RequestUD_SZ4_UGPVOLink" SrcViewUsageName="SZ4RequestVO" DstViewUsageName="SZ4RequestUD_SZ4_UGPVO" xmlns="http://xmlns.oracle.com/bc4j"/>
   </mds:insert>
   <mds:insert parent="CatalogAM" position="last">
      <ViewUsage Name="AJSRequestVO" ViewObjectName="sessiondef.oracle.iam.ui.runtime.form.model.AJSRequest.view.AJSRequestVO" xmlns="http://xmlns.oracle.com/bc4j"/>
   </mds:insert>
   <mds:insert parent="CatalogAM" position="last">
      <ViewUsage Name="AJSRequestUD_AJS_PRJVO" ViewObjectName="sessiondef.oracle.iam.ui.runtime.form.model.AJSRequest.view.AJSRequestUD_AJS_PRJVO" xmlns="http://xmlns.oracle.com/bc4j"/>
   </mds:insert>
   <mds:insert parent="CatalogAM" position="last">
      <ViewLinkUsage Name="AJSRequestVOToAJSRequestUD_AJS_PRJVOLink" ViewLinkObjectName="sessiondef.oracle.iam.ui.runtime.form.model.AJSRequest.link.AJSRequestVOToAJSRequestUD_AJS_PRJVOLink" SrcViewUsageName="AJSRequestVO" DstViewUsageName="AJSRequestUD_AJS_PRJVO" xmlns="http://xmlns.oracle.com/bc4j"/>
   </mds:insert>
   <mds:insert parent="CatalogAM" position="last">
      <ViewUsage Name="AJSRequestUD_AJS_GRPVO" ViewObjectName="sessiondef.oracle.iam.ui.runtime.form.model.AJSRequest.view.AJSRequestUD_AJS_GRPVO" xmlns="http://xmlns.oracle.com/bc4j"/>
   </mds:insert>
   <mds:insert parent="CatalogAM" position="last">
      <ViewLinkUsage Name="AJSRequestVOToAJSRequestUD_AJS_GRPVOLink" ViewLinkObjectName="sessiondef.oracle.iam.ui.runtime.form.model.AJSRequest.link.AJSRequestVOToAJSRequestUD_AJS_GRPVOLink" SrcViewUsageName="AJSRequestVO" DstViewUsageName="AJSRequestUD_AJS_GRPVO" xmlns="http://xmlns.oracle.com/bc4j"/>
   </mds:insert>
   <mds:insert parent="CatalogAM" position="last">
      <ViewUsage Name="GAEPRequestVO" ViewObjectName="sessiondef.oracle.iam.ui.runtime.form.model.GAEPRequest.view.GAEPRequestVO" xmlns="http://xmlns.oracle.com/bc4j"/>
   </mds:insert>
   <mds:insert parent="CatalogAM" position="last">
      <ViewUsage Name="GAEPRequestUD_GAEP_URLVO" ViewObjectName="sessiondef.oracle.iam.ui.runtime.form.model.GAEPRequest.view.GAEPRequestUD_GAEP_URLVO" xmlns="http://xmlns.oracle.com/bc4j"/>
   </mds:insert>
   <mds:insert parent="CatalogAM" position="last">
      <ViewLinkUsage Name="GAEPRequestVOToGAEPRequestUD_GAEP_URLVOLink" ViewLinkObjectName="sessiondef.oracle.iam.ui.runtime.form.model.GAEPRequest.link.GAEPRequestVOToGAEPRequestUD_GAEP_URLVOLink" SrcViewUsageName="GAEPRequestVO" DstViewUsageName="GAEPRequestUD_GAEP_URLVO" xmlns="http://xmlns.oracle.com/bc4j"/>
   </mds:insert>
   <mds:insert parent="CatalogAM" position="last">
      <ViewUsage Name="GAETRequestVO" ViewObjectName="sessiondef.oracle.iam.ui.runtime.form.model.GAETRequest.view.GAETRequestVO" xmlns="http://xmlns.oracle.com/bc4j"/>
   </mds:insert>
   <mds:insert parent="CatalogAM" position="last">
      <ViewUsage Name="GAETRequestUD_GAET_URLVO" ViewObjectName="sessiondef.oracle.iam.ui.runtime.form.model.GAETRequest.view.GAETRequestUD_GAET_URLVO" xmlns="http://xmlns.oracle.com/bc4j"/>
   </mds:insert>
   <mds:insert parent="CatalogAM" position="last">
      <ViewLinkUsage Name="GAETRequestVOToGAETRequestUD_GAET_URLVOLink" ViewLinkObjectName="sessiondef.oracle.iam.ui.runtime.form.model.GAETRequest.link.GAETRequestVOToGAETRequestUD_GAET_URLVOLink" SrcViewUsageName="GAETRequestVO" DstViewUsageName="GAETRequestUD_GAET_URLVO" xmlns="http://xmlns.oracle.com/bc4j"/>
   </mds:insert>
   <mds:insert parent="CatalogAM" position="last">
      <ViewUsage Name="GAEPD01RequestVO" ViewObjectName="sessiondef.oracle.iam.ui.runtime.form.model.GAEPD01Request.view.GAEPD01RequestVO" xmlns="http://xmlns.oracle.com/bc4j"/>
   </mds:insert>
   <mds:insert parent="CatalogAM" position="last">
      <ViewUsage Name="GAEPD01RequestUD_D01P_DAPVO" ViewObjectName="sessiondef.oracle.iam.ui.runtime.form.model.GAEPD01Request.view.GAEPD01RequestUD_D01P_DAPVO" xmlns="http://xmlns.oracle.com/bc4j"/>
   </mds:insert>
   <mds:insert parent="CatalogAM" position="last">
      <ViewLinkUsage Name="GAEPD01RequestVOToGAEPD01RequestUD_D01P_DAPVOLink" ViewLinkObjectName="sessiondef.oracle.iam.ui.runtime.form.model.GAEPD01Request.link.GAEPD01RequestVOToGAEPD01RequestUD_D01P_DAPVOLink" SrcViewUsageName="GAEPD01RequestVO" DstViewUsageName="GAEPD01RequestUD_D01P_DAPVO" xmlns="http://xmlns.oracle.com/bc4j"/>
   </mds:insert>
   <mds:insert parent="CatalogAM" position="last">
      <ViewUsage Name="GAEPD02RequestVO" ViewObjectName="sessiondef.oracle.iam.ui.runtime.form.model.GAEPD02Request.view.GAEPD02RequestVO" xmlns="http://xmlns.oracle.com/bc4j"/>
   </mds:insert>
   <mds:insert parent="CatalogAM" position="last">
      <ViewUsage Name="GAEPD02RequestUD_D02P_DAPVO" ViewObjectName="sessiondef.oracle.iam.ui.runtime.form.model.GAEPD02Request.view.GAEPD02RequestUD_D02P_DAPVO" xmlns="http://xmlns.oracle.com/bc4j"/>
   </mds:insert>
   <mds:insert parent="CatalogAM" position="last">
      <ViewLinkUsage Name="GAEPD02RequestVOToGAEPD02RequestUD_D02P_DAPVOLink" ViewLinkObjectName="sessiondef.oracle.iam.ui.runtime.form.model.GAEPD02Request.link.GAEPD02RequestVOToGAEPD02RequestUD_D02P_DAPVOLink" SrcViewUsageName="GAEPD02RequestVO" DstViewUsageName="GAEPD02RequestUD_D02P_DAPVO" xmlns="http://xmlns.oracle.com/bc4j"/>
   </mds:insert>
   <mds:insert parent="CatalogAM" position="last">
      <ViewUsage Name="GAEPD03RequestVO" ViewObjectName="sessiondef.oracle.iam.ui.runtime.form.model.GAEPD03Request.view.GAEPD03RequestVO" xmlns="http://xmlns.oracle.com/bc4j"/>
   </mds:insert>
   <mds:insert parent="CatalogAM" position="last">
      <ViewUsage Name="GAEPD03RequestUD_D03P_DAPVO" ViewObjectName="sessiondef.oracle.iam.ui.runtime.form.model.GAEPD03Request.view.GAEPD03RequestUD_D03P_DAPVO" xmlns="http://xmlns.oracle.com/bc4j"/>
   </mds:insert>
   <mds:insert parent="CatalogAM" position="last">
      <ViewLinkUsage Name="GAEPD03RequestVOToGAEPD03RequestUD_D03P_DAPVOLink" ViewLinkObjectName="sessiondef.oracle.iam.ui.runtime.form.model.GAEPD03Request.link.GAEPD03RequestVOToGAEPD03RequestUD_D03P_DAPVOLink" SrcViewUsageName="GAEPD03RequestVO" DstViewUsageName="GAEPD03RequestUD_D03P_DAPVO" xmlns="http://xmlns.oracle.com/bc4j"/>
   </mds:insert>
   <mds:insert parent="CatalogAM" position="last">
      <ViewUsage Name="GAETD01RequestVO" ViewObjectName="sessiondef.oracle.iam.ui.runtime.form.model.GAETD01Request.view.GAETD01RequestVO" xmlns="http://xmlns.oracle.com/bc4j"/>
   </mds:insert>
   <mds:insert parent="CatalogAM" position="last">
      <ViewUsage Name="GAETD01RequestUD_D01T_DAPVO" ViewObjectName="sessiondef.oracle.iam.ui.runtime.form.model.GAETD01Request.view.GAETD01RequestUD_D01T_DAPVO" xmlns="http://xmlns.oracle.com/bc4j"/>
   </mds:insert>
   <mds:insert parent="CatalogAM" position="last">
      <ViewLinkUsage Name="GAETD01RequestVOToGAETD01RequestUD_D01T_DAPVOLink" ViewLinkObjectName="sessiondef.oracle.iam.ui.runtime.form.model.GAETD01Request.link.GAETD01RequestVOToGAETD01RequestUD_D01T_DAPVOLink" SrcViewUsageName="GAETD01RequestVO" DstViewUsageName="GAETD01RequestUD_D01T_DAPVO" xmlns="http://xmlns.oracle.com/bc4j"/>
   </mds:insert>
   <mds:insert parent="CatalogAM" position="last">
      <ViewUsage Name="GAETD02RequestVO" ViewObjectName="sessiondef.oracle.iam.ui.runtime.form.model.GAETD02Request.view.GAETD02RequestVO" xmlns="http://xmlns.oracle.com/bc4j"/>
   </mds:insert>
   <mds:insert parent="CatalogAM" position="last">
      <ViewUsage Name="GAETD02RequestUD_D02T_DAPVO" ViewObjectName="sessiondef.oracle.iam.ui.runtime.form.model.GAETD02Request.view.GAETD02RequestUD_D02T_DAPVO" xmlns="http://xmlns.oracle.com/bc4j"/>
   </mds:insert>
   <mds:insert parent="CatalogAM" position="last">
      <ViewLinkUsage Name="GAETD02RequestVOToGAETD02RequestUD_D02T_DAPVOLink" ViewLinkObjectName="sessiondef.oracle.iam.ui.runtime.form.model.GAETD02Request.link.GAETD02RequestVOToGAETD02RequestUD_D02T_DAPVOLink" SrcViewUsageName="GAETD02RequestVO" DstViewUsageName="GAETD02RequestUD_D02T_DAPVO" xmlns="http://xmlns.oracle.com/bc4j"/>
   </mds:insert>
   <mds:insert parent="CatalogAM" position="last">
      <ViewUsage Name="GAETD03RequestVO" ViewObjectName="sessiondef.oracle.iam.ui.runtime.form.model.GAETD03Request.view.GAETD03RequestVO" xmlns="http://xmlns.oracle.com/bc4j"/>
   </mds:insert>
   <mds:insert parent="CatalogAM" position="last">
      <ViewUsage Name="GAETD03RequestUD_D03T_DAPVO" ViewObjectName="sessiondef.oracle.iam.ui.runtime.form.model.GAETD03Request.view.GAETD03RequestUD_D03T_DAPVO" xmlns="http://xmlns.oracle.com/bc4j"/>
   </mds:insert>
   <mds:insert parent="CatalogAM" position="last">
      <ViewLinkUsage Name="GAETD03RequestVOToGAETD03RequestUD_D03T_DAPVOLink" ViewLinkObjectName="sessiondef.oracle.iam.ui.runtime.form.model.GAETD03Request.link.GAETD03RequestVOToGAETD03RequestUD_D03T_DAPVOLink" SrcViewUsageName="GAETD03RequestVO" DstViewUsageName="GAETD03RequestUD_D03T_DAPVO" xmlns="http://xmlns.oracle.com/bc4j"/>
   </mds:insert>
   <mds:insert parent="CatalogAM" position="last">
      <ViewUsage Name="PCFRequestIUAVO" ViewObjectName="sessiondef.oracle.iam.ui.runtime.form.model.PCFRequestIUA.view.PCFRequestIUAVO" xmlns="http://xmlns.oracle.com/bc4j"/>
   </mds:insert>
   <mds:insert parent="CatalogAM" position="last">
      <ViewUsage Name="PCFRequestIUAUD_PCF3_SRLVO" ViewObjectName="sessiondef.oracle.iam.ui.runtime.form.model.PCFRequestIUA.view.PCFRequestIUAUD_PCF3_SRLVO" xmlns="http://xmlns.oracle.com/bc4j"/>
   </mds:insert>
   <mds:insert parent="CatalogAM" position="last">
      <ViewLinkUsage Name="PCFRequestIUAVOToPCFRequestIUAUD_PCF3_SRLVOLink" ViewLinkObjectName="sessiondef.oracle.iam.ui.runtime.form.model.PCFRequestIUA.link.PCFRequestIUAVOToPCFRequestIUAUD_PCF3_SRLVOLink" SrcViewUsageName="PCFRequestIUAVO" DstViewUsageName="PCFRequestIUAUD_PCF3_SRLVO" xmlns="http://xmlns.oracle.com/bc4j"/>
   </mds:insert>
   <mds:insert parent="CatalogAM" position="last">
      <ViewUsage Name="PCFRequestIUAUD_PCF3_ORLVO" ViewObjectName="sessiondef.oracle.iam.ui.runtime.form.model.PCFRequestIUA.view.PCFRequestIUAUD_PCF3_ORLVO" xmlns="http://xmlns.oracle.com/bc4j"/>
   </mds:insert>
   <mds:insert parent="CatalogAM" position="last">
      <ViewLinkUsage Name="PCFRequestIUAVOToPCFRequestIUAUD_PCF3_ORLVOLink" ViewLinkObjectName="sessiondef.oracle.iam.ui.runtime.form.model.PCFRequestIUA.link.PCFRequestIUAVOToPCFRequestIUAUD_PCF3_ORLVOLink" SrcViewUsageName="PCFRequestIUAVO" DstViewUsageName="PCFRequestIUAUD_PCF3_ORLVO" xmlns="http://xmlns.oracle.com/bc4j"/>
   </mds:insert>
   <mds:insert parent="CatalogAM" position="last">
      <ViewUsage Name="PCFRequestIUAUD_PCF3_UGPVO" ViewObjectName="sessiondef.oracle.iam.ui.runtime.form.model.PCFRequestIUA.view.PCFRequestIUAUD_PCF3_UGPVO" xmlns="http://xmlns.oracle.com/bc4j"/>
   </mds:insert>
   <mds:insert parent="CatalogAM" position="last">
      <ViewLinkUsage Name="PCFRequestIUAVOToPCFRequestIUAUD_PCF3_UGPVOLink" ViewLinkObjectName="sessiondef.oracle.iam.ui.runtime.form.model.PCFRequestIUA.link.PCFRequestIUAVOToPCFRequestIUAUD_PCF3_UGPVOLink" SrcViewUsageName="PCFRequestIUAVO" DstViewUsageName="PCFRequestIUAUD_PCF3_UGPVO" xmlns="http://xmlns.oracle.com/bc4j"/>
   </mds:insert>
   <mds:insert parent="CatalogAM" position="last">
      <ViewUsage Name="PCFRequestARESVO" ViewObjectName="sessiondef.oracle.iam.ui.runtime.form.model.PCFRequestARES.view.PCFRequestARESVO" xmlns="http://xmlns.oracle.com/bc4j"/>
   </mds:insert>
   <mds:insert parent="CatalogAM" position="last">
      <ViewUsage Name="PCFRequestARESUD_PCF4_SRLVO" ViewObjectName="sessiondef.oracle.iam.ui.runtime.form.model.PCFRequestARES.view.PCFRequestARESUD_PCF4_SRLVO" xmlns="http://xmlns.oracle.com/bc4j"/>
   </mds:insert>
   <mds:insert parent="CatalogAM" position="last">
      <ViewLinkUsage Name="PCFRequestARESVOToPCFRequestARESUD_PCF4_SRLVOLink" ViewLinkObjectName="sessiondef.oracle.iam.ui.runtime.form.model.PCFRequestARES.link.PCFRequestARESVOToPCFRequestARESUD_PCF4_SRLVOLink" SrcViewUsageName="PCFRequestARESVO" DstViewUsageName="PCFRequestARESUD_PCF4_SRLVO" xmlns="http://xmlns.oracle.com/bc4j"/>
   </mds:insert>
   <mds:insert parent="CatalogAM" position="last">
      <ViewUsage Name="PCFRequestARESUD_PCF4_ORLVO" ViewObjectName="sessiondef.oracle.iam.ui.runtime.form.model.PCFRequestARES.view.PCFRequestARESUD_PCF4_ORLVO" xmlns="http://xmlns.oracle.com/bc4j"/>
   </mds:insert>
   <mds:insert parent="CatalogAM" position="last">
      <ViewLinkUsage Name="PCFRequestARESVOToPCFRequestARESUD_PCF4_ORLVOLink" ViewLinkObjectName="sessiondef.oracle.iam.ui.runtime.form.model.PCFRequestARES.link.PCFRequestARESVOToPCFRequestARESUD_PCF4_ORLVOLink" SrcViewUsageName="PCFRequestARESVO" DstViewUsageName="PCFRequestARESUD_PCF4_ORLVO" xmlns="http://xmlns.oracle.com/bc4j"/>
   </mds:insert>
   <mds:insert parent="CatalogAM" position="last">
      <ViewUsage Name="PCFRequestARESUD_PCF4_UGPVO" ViewObjectName="sessiondef.oracle.iam.ui.runtime.form.model.PCFRequestARES.view.PCFRequestARESUD_PCF4_UGPVO" xmlns="http://xmlns.oracle.com/bc4j"/>
   </mds:insert>
   <mds:insert parent="CatalogAM" position="last">
      <ViewLinkUsage Name="PCFRequestARESVOToPCFRequestARESUD_PCF4_UGPVOLink" ViewLinkObjectName="sessiondef.oracle.iam.ui.runtime.form.model.PCFRequestARES.link.PCFRequestARESVOToPCFRequestARESUD_PCF4_UGPVOLink" SrcViewUsageName="PCFRequestARESVO" DstViewUsageName="PCFRequestARESUD_PCF4_UGPVO" xmlns="http://xmlns.oracle.com/bc4j"/>
   </mds:insert>
   <mds:insert parent="CatalogAM" position="last">
      <ViewUsage Name="ADHRequestVO" ViewObjectName="sessiondef.oracle.iam.ui.runtime.form.model.ADHRequest.view.ADHRequestVO" xmlns="http://xmlns.oracle.com/bc4j"/>
   </mds:insert>
   <mds:insert parent="CatalogAM" position="last">
      <ViewUsage Name="ADHRequestUD_ADH_UGPVO" ViewObjectName="sessiondef.oracle.iam.ui.runtime.form.model.ADHRequest.view.ADHRequestUD_ADH_UGPVO" xmlns="http://xmlns.oracle.com/bc4j"/>
   </mds:insert>
   <mds:insert parent="CatalogAM" position="last">
      <ViewLinkUsage Name="ADHRequestVOToADHRequestUD_ADH_UGPVOLink" ViewLinkObjectName="sessiondef.oracle.iam.ui.runtime.form.model.ADHRequest.link.ADHRequestVOToADHRequestUD_ADH_UGPVOLink" SrcViewUsageName="ADHRequestVO" DstViewUsageName="ADHRequestUD_ADH_UGPVO" xmlns="http://xmlns.oracle.com/bc4j"/>
   </mds:insert>
   <mds:insert parent="CatalogAM" position="last">
      <ViewUsage Name="PGOFSRequestVO" ViewObjectName="sessiondef.oracle.iam.ui.runtime.form.model.PGOFSRequest.view.PGOFSRequestVO" xmlns="http://xmlns.oracle.com/bc4j"/>
   </mds:insert>
   <mds:insert parent="CatalogAM" position="last">
      <ViewUsage Name="PGOFSRequestUD_OFPG_UGPVO" ViewObjectName="sessiondef.oracle.iam.ui.runtime.form.model.PGOFSRequest.view.PGOFSRequestUD_OFPG_UGPVO" xmlns="http://xmlns.oracle.com/bc4j"/>
   </mds:insert>
   <mds:insert parent="CatalogAM" position="last">
      <ViewLinkUsage Name="PGOFSRequestVOToPGOFSRequestUD_OFPG_UGPVOLink" ViewLinkObjectName="sessiondef.oracle.iam.ui.runtime.form.model.PGOFSRequest.link.PGOFSRequestVOToPGOFSRequestUD_OFPG_UGPVOLink" SrcViewUsageName="PGOFSRequestVO" DstViewUsageName="PGOFSRequestUD_OFPG_UGPVO" xmlns="http://xmlns.oracle.com/bc4j"/>
   </mds:insert>
   <mds:insert parent="CatalogAM" position="last">
      <ViewUsage Name="ANOFSRequestVO" ViewObjectName="sessiondef.oracle.iam.ui.runtime.form.model.ANOFSRequest.view.ANOFSRequestVO" xmlns="http://xmlns.oracle.com/bc4j"/>
   </mds:insert>
   <mds:insert parent="CatalogAM" position="last">
      <ViewUsage Name="ANOFSRequestUD_OFAN_UGPVO" ViewObjectName="sessiondef.oracle.iam.ui.runtime.form.model.ANOFSRequest.view.ANOFSRequestUD_OFAN_UGPVO" xmlns="http://xmlns.oracle.com/bc4j"/>
   </mds:insert>
   <mds:insert parent="CatalogAM" position="last">
      <ViewLinkUsage Name="ANOFSRequestVOToANOFSRequestUD_OFAN_UGPVOLink" ViewLinkObjectName="sessiondef.oracle.iam.ui.runtime.form.model.ANOFSRequest.link.ANOFSRequestVOToANOFSRequestUD_OFAN_UGPVOLink" SrcViewUsageName="ANOFSRequestVO" DstViewUsageName="ANOFSRequestUD_OFAN_UGPVO" xmlns="http://xmlns.oracle.com/bc4j"/>
   </mds:insert>
   <mds:insert parent="CatalogAM" position="last">
      <ViewUsage Name="BBOFSRequestVO" ViewObjectName="sessiondef.oracle.iam.ui.runtime.form.model.BBOFSRequest.view.BBOFSRequestVO" xmlns="http://xmlns.oracle.com/bc4j"/>
   </mds:insert>
   <mds:insert parent="CatalogAM" position="last">
      <ViewUsage Name="BBOFSRequestUD_OFBB_UGPVO" ViewObjectName="sessiondef.oracle.iam.ui.runtime.form.model.BBOFSRequest.view.BBOFSRequestUD_OFBB_UGPVO" xmlns="http://xmlns.oracle.com/bc4j"/>
   </mds:insert>
   <mds:insert parent="CatalogAM" position="last">
      <ViewLinkUsage Name="BBOFSRequestVOToBBOFSRequestUD_OFBB_UGPVOLink" ViewLinkObjectName="sessiondef.oracle.iam.ui.runtime.form.model.BBOFSRequest.link.BBOFSRequestVOToBBOFSRequestUD_OFBB_UGPVOLink" SrcViewUsageName="BBOFSRequestVO" DstViewUsageName="BBOFSRequestUD_OFBB_UGPVO" xmlns="http://xmlns.oracle.com/bc4j"/>
   </mds:insert>
   <mds:insert parent="CatalogAM" position="last">
      <ViewUsage Name="BEOFSRequestVO" ViewObjectName="sessiondef.oracle.iam.ui.runtime.form.model.BEOFSRequest.view.BEOFSRequestVO" xmlns="http://xmlns.oracle.com/bc4j"/>
   </mds:insert>
   <mds:insert parent="CatalogAM" position="last">
      <ViewUsage Name="BEOFSRequestUD_OFBE_UGPVO" ViewObjectName="sessiondef.oracle.iam.ui.runtime.form.model.BEOFSRequest.view.BEOFSRequestUD_OFBE_UGPVO" xmlns="http://xmlns.oracle.com/bc4j"/>
   </mds:insert>
   <mds:insert parent="CatalogAM" position="last">
      <ViewLinkUsage Name="BEOFSRequestVOToBEOFSRequestUD_OFBE_UGPVOLink" ViewLinkObjectName="sessiondef.oracle.iam.ui.runtime.form.model.BEOFSRequest.link.BEOFSRequestVOToBEOFSRequestUD_OFBE_UGPVOLink" SrcViewUsageName="BEOFSRequestVO" DstViewUsageName="BEOFSRequestUD_OFBE_UGPVO" xmlns="http://xmlns.oracle.com/bc4j"/>
   </mds:insert>
   <mds:insert parent="CatalogAM" position="last">
      <ViewUsage Name="BKOFSRequestVO" ViewObjectName="sessiondef.oracle.iam.ui.runtime.form.model.BKOFSRequest.view.BKOFSRequestVO" xmlns="http://xmlns.oracle.com/bc4j"/>
   </mds:insert>
   <mds:insert parent="CatalogAM" position="last">
      <ViewUsage Name="BKOFSRequestUD_OFBK_UGPVO" ViewObjectName="sessiondef.oracle.iam.ui.runtime.form.model.BKOFSRequest.view.BKOFSRequestUD_OFBK_UGPVO" xmlns="http://xmlns.oracle.com/bc4j"/>
   </mds:insert>
   <mds:insert parent="CatalogAM" position="last">
      <ViewLinkUsage Name="BKOFSRequestVOToBKOFSRequestUD_OFBK_UGPVOLink" ViewLinkObjectName="sessiondef.oracle.iam.ui.runtime.form.model.BKOFSRequest.link.BKOFSRequestVOToBKOFSRequestUD_OFBK_UGPVOLink" SrcViewUsageName="BKOFSRequestVO" DstViewUsageName="BKOFSRequestUD_OFBK_UGPVO" xmlns="http://xmlns.oracle.com/bc4j"/>
   </mds:insert>
   <mds:insert parent="CatalogAM" position="last">
      <ViewUsage Name="BPOFSRequestVO" ViewObjectName="sessiondef.oracle.iam.ui.runtime.form.model.BPOFSRequest.view.BPOFSRequestVO" xmlns="http://xmlns.oracle.com/bc4j"/>
   </mds:insert>
   <mds:insert parent="CatalogAM" position="last">
      <ViewUsage Name="BPOFSRequestUD_OFBP_UGPVO" ViewObjectName="sessiondef.oracle.iam.ui.runtime.form.model.BPOFSRequest.view.BPOFSRequestUD_OFBP_UGPVO" xmlns="http://xmlns.oracle.com/bc4j"/>
   </mds:insert>
   <mds:insert parent="CatalogAM" position="last">
      <ViewLinkUsage Name="BPOFSRequestVOToBPOFSRequestUD_OFBP_UGPVOLink" ViewLinkObjectName="sessiondef.oracle.iam.ui.runtime.form.model.BPOFSRequest.link.BPOFSRequestVOToBPOFSRequestUD_OFBP_UGPVOLink" SrcViewUsageName="BPOFSRequestVO" DstViewUsageName="BPOFSRequestUD_OFBP_UGPVO" xmlns="http://xmlns.oracle.com/bc4j"/>
   </mds:insert>
   <mds:insert parent="CatalogAM" position="last">
      <ViewUsage Name="BWOFSRequestVO" ViewObjectName="sessiondef.oracle.iam.ui.runtime.form.model.BWOFSRequest.view.BWOFSRequestVO" xmlns="http://xmlns.oracle.com/bc4j"/>
   </mds:insert>
   <mds:insert parent="CatalogAM" position="last">
      <ViewUsage Name="BWOFSRequestUD_OFBW_UGPVO" ViewObjectName="sessiondef.oracle.iam.ui.runtime.form.model.BWOFSRequest.view.BWOFSRequestUD_OFBW_UGPVO" xmlns="http://xmlns.oracle.com/bc4j"/>
   </mds:insert>
   <mds:insert parent="CatalogAM" position="last">
      <ViewLinkUsage Name="BWOFSRequestVOToBWOFSRequestUD_OFBW_UGPVOLink" ViewLinkObjectName="sessiondef.oracle.iam.ui.runtime.form.model.BWOFSRequest.link.BWOFSRequestVOToBWOFSRequestUD_OFBW_UGPVOLink" SrcViewUsageName="BWOFSRequestVO" DstViewUsageName="BWOFSRequestUD_OFBW_UGPVO" xmlns="http://xmlns.oracle.com/bc4j"/>
   </mds:insert>
   <mds:modify element="CatalogAM">
      <mds:attribute name="StaticDef" value="oracle.iam.ui.catalog.model.am.CatalogAM"/>
      <mds:attribute name="MinorVersion" value="44"/>
      <mds:attribute name="EmptyDoc" value="false"/>
      <mds:attribute name="Version" value="12.2.1.9.14"/>
   </mds:modify>
</mds:customization>
