<sandbox_metadata xmlns='http://xmlns.oracle.com/mds/sandbox'  version='11.1.1.4.0' >
<user_metadata xmlns='http://xmlns.oracle.com/mds/sandbox' >
    <comments>IdM Long Running Sandbox</comments>
    <description>User Interface Customization&apos;s along with the RKDH Account request and administration task flows.</description>
    <createdBy>xelsysadm</createdBy>
    <createdOn>1720696801460</createdOn>
    <lastModifiedBy>USR_1/XELSYSADM</lastModifiedBy>
    <lastModifiedOn>1720696969701</lastModifiedOn>
    <mainlineLabel>Creation_IdM_rkc-dh-account-sysadmin_01:20:01</mainlineLabel>
    <mergedBy></mergedBy>
    <mergedOn></mergedOn>
    <postMergeLabel></postMergeLabel>
    <preMergeLabel></preMergeLabel>
    <preUndoLabel></preUndoLabel>
    <postUndoLabel></postUndoLabel>
    <undoneBy></undoneBy>
    <finalizedBy></finalizedBy>
    <name>IdM_rkc-dh-account-sysadmin</name>
</user_metadata>
<custom_metadata xmlns='http://xmlns.oracle.com/mds/sandbox' >
</custom_metadata>
<system_metadata xmlns='http://xmlns.oracle.com/mds/sandbox' >
<listOfDocsInSandbox>
</listOfDocsInSandbox>
</system_metadata>
</sandbox_metadata>
