<?xml version='1.0' encoding='UTF-8'?>
<mds:customization version="12.2.1_20170820.0914" xmlns:mds="http://xmlns.oracle.com/mds" motype_local_name="Definitions" motype_nsuri="http://xmlns.oracle.com/adfmcatalog">
   <mds:insert parent="(xmlns(mds_ns1=http://xmlns.oracle.com/adfmcatalog))/mds_ns1:Definitions" position="last">
      <ViewObject fullName="sessiondef.oracle.iam.ui.runtime.form.model.IDSRequest.view.IDSRequestVO" publishToBusinessEditor="true" xmlns="http://xmlns.oracle.com/adfmcatalog"/>
   </mds:insert>
   <mds:insert parent="(xmlns(mds_ns1=http://xmlns.oracle.com/adfmcatalog))/mds_ns1:Definitions" position="last">
      <ViewObject fullName="sessiondef.oracle.iam.ui.runtime.form.model.IDSRequest.view.IDSRequestUD_IDS_GRPVO" publishToBusinessEditor="true" xmlns="http://xmlns.oracle.com/adfmcatalog"/>
   </mds:insert>
   <mds:insert parent="(xmlns(mds_ns1=http://xmlns.oracle.com/adfmcatalog))/mds_ns1:Definitions" position="last">
      <ViewObject fullName="sessiondef.oracle.iam.ui.runtime.form.model.IDSRequest.view.IDSRequestUD_IDS_ROLVO" publishToBusinessEditor="true" xmlns="http://xmlns.oracle.com/adfmcatalog"/>
   </mds:insert>
</mds:customization>
