<?xml version='1.0' encoding='UTF-8'?>
<mds:customization version="12.2.1_20170820.0914" xmlns:mds="http://xmlns.oracle.com/mds" motype_local_name="Definitions" motype_nsuri="http://xmlns.oracle.com/adfmcatalog">
   <mds:insert parent="(xmlns(mds_ns1=http://xmlns.oracle.com/adfmcatalog))/mds_ns1:Definitions" position="last">
      <ViewObject fullName="sessiondef.oracle.iam.ui.runtime.form.model.IDSRequest.view.IDSRequestVO" publishToBusinessEditor="true" xmlns="http://xmlns.oracle.com/adfmcatalog"/>
   </mds:insert>
   <mds:insert parent="(xmlns(mds_ns1=http://xmlns.oracle.com/adfmcatalog))/mds_ns1:Definitions" position="last">
      <ViewObject fullName="sessiondef.oracle.iam.ui.runtime.form.model.IDSRequest.view.IDSRequestUD_IDS_GRPVO" publishToBusinessEditor="true" xmlns="http://xmlns.oracle.com/adfmcatalog"/>
   </mds:insert>
   <mds:insert parent="(xmlns(mds_ns1=http://xmlns.oracle.com/adfmcatalog))/mds_ns1:Definitions" position="last">
      <ViewObject fullName="sessiondef.oracle.iam.ui.runtime.form.model.IDSRequest.view.IDSRequestUD_IDS_ROLVO" publishToBusinessEditor="true" xmlns="http://xmlns.oracle.com/adfmcatalog"/>
   </mds:insert>
   <mds:insert parent="(xmlns(mds_ns1=http://xmlns.oracle.com/adfmcatalog))/mds_ns1:Definitions" position="last">
      <ViewObject fullName="sessiondef.oracle.iam.ui.runtime.form.model.CTSRequest.view.CTSRequestVO" publishToBusinessEditor="true" xmlns="http://xmlns.oracle.com/adfmcatalog"/>
   </mds:insert>
   <mds:insert parent="(xmlns(mds_ns1=http://xmlns.oracle.com/adfmcatalog))/mds_ns1:Definitions" position="last">
      <ViewObject fullName="sessiondef.oracle.iam.ui.runtime.form.model.CTSRequest.view.CTSRequestUD_CTS_UGPVO" publishToBusinessEditor="true" xmlns="http://xmlns.oracle.com/adfmcatalog"/>
   </mds:insert>
   <mds:insert parent="(xmlns(mds_ns1=http://xmlns.oracle.com/adfmcatalog))/mds_ns1:Definitions" position="last">
      <ViewObject fullName="sessiondef.oracle.iam.ui.runtime.form.model.eFBSRequestProduction.view.eFBSRequestProductionVO" publishToBusinessEditor="true" xmlns="http://xmlns.oracle.com/adfmcatalog"/>
   </mds:insert>
   <mds:insert parent="(xmlns(mds_ns1=http://xmlns.oracle.com/adfmcatalog))/mds_ns1:Definitions" position="last">
      <ViewObject fullName="sessiondef.oracle.iam.ui.runtime.form.model.eFBSRequestProduction.view.eFBSRequestProductionUD_EFBSP_MVO" publishToBusinessEditor="true" xmlns="http://xmlns.oracle.com/adfmcatalog"/>
   </mds:insert>
   <mds:insert parent="(xmlns(mds_ns1=http://xmlns.oracle.com/adfmcatalog))/mds_ns1:Definitions" position="last">
      <ViewObject fullName="sessiondef.oracle.iam.ui.runtime.form.model.eFBSRequestProduction.view.eFBSRequestProductionUD_EFBSP_PVO" publishToBusinessEditor="true" xmlns="http://xmlns.oracle.com/adfmcatalog"/>
   </mds:insert>
   <mds:insert parent="(xmlns(mds_ns1=http://xmlns.oracle.com/adfmcatalog))/mds_ns1:Definitions" position="last">
      <ViewObject fullName="sessiondef.oracle.iam.ui.runtime.form.model.eFBSRequestEducation.view.eFBSRequestEducationVO" publishToBusinessEditor="true" xmlns="http://xmlns.oracle.com/adfmcatalog"/>
   </mds:insert>
   <mds:insert parent="(xmlns(mds_ns1=http://xmlns.oracle.com/adfmcatalog))/mds_ns1:Definitions" position="last">
      <ViewObject fullName="sessiondef.oracle.iam.ui.runtime.form.model.eFBSRequestEducation.view.eFBSRequestEducationUD_EFBSE_MVO" publishToBusinessEditor="true" xmlns="http://xmlns.oracle.com/adfmcatalog"/>
   </mds:insert>
   <mds:insert parent="(xmlns(mds_ns1=http://xmlns.oracle.com/adfmcatalog))/mds_ns1:Definitions" position="last">
      <ViewObject fullName="sessiondef.oracle.iam.ui.runtime.form.model.eFBSRequestEducation.view.eFBSRequestEducationUD_EFBSE_PVO" publishToBusinessEditor="true" xmlns="http://xmlns.oracle.com/adfmcatalog"/>
   </mds:insert>
   <mds:insert parent="(xmlns(mds_ns1=http://xmlns.oracle.com/adfmcatalog))/mds_ns1:Definitions" position="last">
      <ViewObject fullName="sessiondef.oracle.iam.ui.runtime.form.model.PSCRequest.view.PSCRequestVO" publishToBusinessEditor="true" xmlns="http://xmlns.oracle.com/adfmcatalog"/>
   </mds:insert>
   <mds:insert parent="(xmlns(mds_ns1=http://xmlns.oracle.com/adfmcatalog))/mds_ns1:Definitions" position="last">
      <ViewObject fullName="sessiondef.oracle.iam.ui.runtime.form.model.PSCRequest.view.PSCRequestUD_PSC_UGPVO" publishToBusinessEditor="true" xmlns="http://xmlns.oracle.com/adfmcatalog"/>
   </mds:insert>
   <mds:insert parent="(xmlns(mds_ns1=http://xmlns.oracle.com/adfmcatalog))/mds_ns1:Definitions" position="last">
      <ViewObject fullName="sessiondef.oracle.iam.ui.runtime.form.model.PCFRequestProduction.view.PCFRequestProductionVO" publishToBusinessEditor="true" xmlns="http://xmlns.oracle.com/adfmcatalog"/>
   </mds:insert>
   <mds:insert parent="(xmlns(mds_ns1=http://xmlns.oracle.com/adfmcatalog))/mds_ns1:Definitions" position="last">
      <ViewObject fullName="sessiondef.oracle.iam.ui.runtime.form.model.PCFRequestProduction.view.PCFRequestProductionUD_PCFP_SRLVO" publishToBusinessEditor="true" xmlns="http://xmlns.oracle.com/adfmcatalog"/>
   </mds:insert>
   <mds:insert parent="(xmlns(mds_ns1=http://xmlns.oracle.com/adfmcatalog))/mds_ns1:Definitions" position="last">
      <ViewObject fullName="sessiondef.oracle.iam.ui.runtime.form.model.PCFRequestProduction.view.PCFRequestProductionUD_PCFP_ORLVO" publishToBusinessEditor="true" xmlns="http://xmlns.oracle.com/adfmcatalog"/>
   </mds:insert>
   <mds:insert parent="(xmlns(mds_ns1=http://xmlns.oracle.com/adfmcatalog))/mds_ns1:Definitions" position="last">
      <ViewObject fullName="sessiondef.oracle.iam.ui.runtime.form.model.PCFRequestProduction.view.PCFRequestProductionUD_PCFP_UGPVO" publishToBusinessEditor="true" xmlns="http://xmlns.oracle.com/adfmcatalog"/>
   </mds:insert>
   <mds:insert parent="(xmlns(mds_ns1=http://xmlns.oracle.com/adfmcatalog))/mds_ns1:Definitions" position="last">
      <ViewObject fullName="sessiondef.oracle.iam.ui.runtime.form.model.PCFRequestDevelopment.view.PCFRequestDevelopmentVO" publishToBusinessEditor="true" xmlns="http://xmlns.oracle.com/adfmcatalog"/>
   </mds:insert>
   <mds:insert parent="(xmlns(mds_ns1=http://xmlns.oracle.com/adfmcatalog))/mds_ns1:Definitions" position="last">
      <ViewObject fullName="sessiondef.oracle.iam.ui.runtime.form.model.PCFRequestDevelopment.view.PCFRequestDevelopmentUD_PCFD_SRLVO" publishToBusinessEditor="true" xmlns="http://xmlns.oracle.com/adfmcatalog"/>
   </mds:insert>
   <mds:insert parent="(xmlns(mds_ns1=http://xmlns.oracle.com/adfmcatalog))/mds_ns1:Definitions" position="last">
      <ViewObject fullName="sessiondef.oracle.iam.ui.runtime.form.model.PCFRequestDevelopment.view.PCFRequestDevelopmentUD_PCFD_ORLVO" publishToBusinessEditor="true" xmlns="http://xmlns.oracle.com/adfmcatalog"/>
   </mds:insert>
   <mds:insert parent="(xmlns(mds_ns1=http://xmlns.oracle.com/adfmcatalog))/mds_ns1:Definitions" position="last">
      <ViewObject fullName="sessiondef.oracle.iam.ui.runtime.form.model.PCFRequestDevelopment.view.PCFRequestDevelopmentUD_PCFD_UGPVO" publishToBusinessEditor="true" xmlns="http://xmlns.oracle.com/adfmcatalog"/>
   </mds:insert>
   <mds:insert parent="(xmlns(mds_ns1=http://xmlns.oracle.com/adfmcatalog))/mds_ns1:Definitions" position="last">
      <ViewObject fullName="sessiondef.oracle.iam.ui.runtime.form.model.PIAVRequest.view.PIAVRequestVO" publishToBusinessEditor="true" xmlns="http://xmlns.oracle.com/adfmcatalog"/>
   </mds:insert>
   <mds:insert parent="(xmlns(mds_ns1=http://xmlns.oracle.com/adfmcatalog))/mds_ns1:Definitions" position="last">
      <ViewObject fullName="sessiondef.oracle.iam.ui.runtime.form.model.PIAVRequest.view.PIAVRequestUD_PIAV_GRPVO" publishToBusinessEditor="true" xmlns="http://xmlns.oracle.com/adfmcatalog"/>
   </mds:insert>
   <mds:insert parent="(xmlns(mds_ns1=http://xmlns.oracle.com/adfmcatalog))/mds_ns1:Definitions" position="last">
      <ViewObject fullName="sessiondef.oracle.iam.ui.runtime.form.model.PIAVRequest.view.PIAVRequestUD_PIAV_ROLVO" publishToBusinessEditor="true" xmlns="http://xmlns.oracle.com/adfmcatalog"/>
   </mds:insert>
   <mds:insert parent="(xmlns(mds_ns1=http://xmlns.oracle.com/adfmcatalog))/mds_ns1:Definitions" position="last">
      <ViewObject fullName="sessiondef.oracle.iam.ui.runtime.form.model.PAPRequest.view.PAPRequestVO" publishToBusinessEditor="true" xmlns="http://xmlns.oracle.com/adfmcatalog"/>
   </mds:insert>
   <mds:insert parent="(xmlns(mds_ns1=http://xmlns.oracle.com/adfmcatalog))/mds_ns1:Definitions" position="last">
      <ViewObject fullName="sessiondef.oracle.iam.ui.runtime.form.model.PAPRequest.view.PAPRequestUD_PAP_UGPVO" publishToBusinessEditor="true" xmlns="http://xmlns.oracle.com/adfmcatalog"/>
   </mds:insert>
   <mds:insert parent="(xmlns(mds_ns1=http://xmlns.oracle.com/adfmcatalog))/mds_ns1:Definitions" position="last">
      <ViewObject fullName="sessiondef.oracle.iam.ui.runtime.form.model.SZ4Request.view.SZ4RequestVO" publishToBusinessEditor="true" xmlns="http://xmlns.oracle.com/adfmcatalog"/>
   </mds:insert>
   <mds:insert parent="(xmlns(mds_ns1=http://xmlns.oracle.com/adfmcatalog))/mds_ns1:Definitions" position="last">
      <ViewObject fullName="sessiondef.oracle.iam.ui.runtime.form.model.SZ4Request.view.SZ4RequestUD_SZ4_UGPVO" publishToBusinessEditor="true" xmlns="http://xmlns.oracle.com/adfmcatalog"/>
   </mds:insert>
   <mds:insert parent="(xmlns(mds_ns1=http://xmlns.oracle.com/adfmcatalog))/mds_ns1:Definitions" position="last">
      <ViewObject fullName="sessiondef.oracle.iam.ui.runtime.form.model.AJSRequest.view.AJSRequestVO" publishToBusinessEditor="true" xmlns="http://xmlns.oracle.com/adfmcatalog"/>
   </mds:insert>
   <mds:insert parent="(xmlns(mds_ns1=http://xmlns.oracle.com/adfmcatalog))/mds_ns1:Definitions" position="last">
      <ViewObject fullName="sessiondef.oracle.iam.ui.runtime.form.model.AJSRequest.view.AJSRequestUD_AJS_PRJVO" publishToBusinessEditor="true" xmlns="http://xmlns.oracle.com/adfmcatalog"/>
   </mds:insert>
   <mds:insert parent="(xmlns(mds_ns1=http://xmlns.oracle.com/adfmcatalog))/mds_ns1:Definitions" position="last">
      <ViewObject fullName="sessiondef.oracle.iam.ui.runtime.form.model.AJSRequest.view.AJSRequestUD_AJS_GRPVO" publishToBusinessEditor="true" xmlns="http://xmlns.oracle.com/adfmcatalog"/>
   </mds:insert>
   <mds:insert parent="(xmlns(mds_ns1=http://xmlns.oracle.com/adfmcatalog))/mds_ns1:Definitions" position="last">
      <ViewObject fullName="sessiondef.oracle.iam.ui.runtime.form.model.GAEPRequest.view.GAEPRequestVO" publishToBusinessEditor="true" xmlns="http://xmlns.oracle.com/adfmcatalog"/>
   </mds:insert>
   <mds:insert parent="(xmlns(mds_ns1=http://xmlns.oracle.com/adfmcatalog))/mds_ns1:Definitions" position="last">
      <ViewObject fullName="sessiondef.oracle.iam.ui.runtime.form.model.GAEPRequest.view.GAEPRequestUD_GAEP_URLVO" publishToBusinessEditor="true" xmlns="http://xmlns.oracle.com/adfmcatalog"/>
   </mds:insert>
   <mds:insert parent="(xmlns(mds_ns1=http://xmlns.oracle.com/adfmcatalog))/mds_ns1:Definitions" position="last">
      <ViewObject fullName="sessiondef.oracle.iam.ui.runtime.form.model.GAETRequest.view.GAETRequestVO" publishToBusinessEditor="true" xmlns="http://xmlns.oracle.com/adfmcatalog"/>
   </mds:insert>
   <mds:insert parent="(xmlns(mds_ns1=http://xmlns.oracle.com/adfmcatalog))/mds_ns1:Definitions" position="last">
      <ViewObject fullName="sessiondef.oracle.iam.ui.runtime.form.model.GAETRequest.view.GAETRequestUD_GAET_URLVO" publishToBusinessEditor="true" xmlns="http://xmlns.oracle.com/adfmcatalog"/>
   </mds:insert>
   <mds:insert parent="(xmlns(mds_ns1=http://xmlns.oracle.com/adfmcatalog))/mds_ns1:Definitions" position="last">
      <ViewObject fullName="sessiondef.oracle.iam.ui.runtime.form.model.GAEPD01Request.view.GAEPD01RequestVO" publishToBusinessEditor="true" xmlns="http://xmlns.oracle.com/adfmcatalog"/>
   </mds:insert>
   <mds:insert parent="(xmlns(mds_ns1=http://xmlns.oracle.com/adfmcatalog))/mds_ns1:Definitions" position="last">
      <ViewObject fullName="sessiondef.oracle.iam.ui.runtime.form.model.GAEPD01Request.view.GAEPD01RequestUD_D01P_DAPVO" publishToBusinessEditor="true" xmlns="http://xmlns.oracle.com/adfmcatalog"/>
   </mds:insert>
   <mds:insert parent="(xmlns(mds_ns1=http://xmlns.oracle.com/adfmcatalog))/mds_ns1:Definitions" position="last">
      <ViewObject fullName="sessiondef.oracle.iam.ui.runtime.form.model.GAEPD02Request.view.GAEPD02RequestVO" publishToBusinessEditor="true" xmlns="http://xmlns.oracle.com/adfmcatalog"/>
   </mds:insert>
   <mds:insert parent="(xmlns(mds_ns1=http://xmlns.oracle.com/adfmcatalog))/mds_ns1:Definitions" position="last">
      <ViewObject fullName="sessiondef.oracle.iam.ui.runtime.form.model.GAEPD02Request.view.GAEPD02RequestUD_D02P_DAPVO" publishToBusinessEditor="true" xmlns="http://xmlns.oracle.com/adfmcatalog"/>
   </mds:insert>
   <mds:insert parent="(xmlns(mds_ns1=http://xmlns.oracle.com/adfmcatalog))/mds_ns1:Definitions" position="last">
      <ViewObject fullName="sessiondef.oracle.iam.ui.runtime.form.model.GAEPD03Request.view.GAEPD03RequestVO" publishToBusinessEditor="true" xmlns="http://xmlns.oracle.com/adfmcatalog"/>
   </mds:insert>
   <mds:insert parent="(xmlns(mds_ns1=http://xmlns.oracle.com/adfmcatalog))/mds_ns1:Definitions" position="last">
      <ViewObject fullName="sessiondef.oracle.iam.ui.runtime.form.model.GAEPD03Request.view.GAEPD03RequestUD_D03P_DAPVO" publishToBusinessEditor="true" xmlns="http://xmlns.oracle.com/adfmcatalog"/>
   </mds:insert>
   <mds:insert parent="(xmlns(mds_ns1=http://xmlns.oracle.com/adfmcatalog))/mds_ns1:Definitions" position="last">
      <ViewObject fullName="sessiondef.oracle.iam.ui.runtime.form.model.GAETD01Request.view.GAETD01RequestVO" publishToBusinessEditor="true" xmlns="http://xmlns.oracle.com/adfmcatalog"/>
   </mds:insert>
   <mds:insert parent="(xmlns(mds_ns1=http://xmlns.oracle.com/adfmcatalog))/mds_ns1:Definitions" position="last">
      <ViewObject fullName="sessiondef.oracle.iam.ui.runtime.form.model.GAETD01Request.view.GAETD01RequestUD_D01T_DAPVO" publishToBusinessEditor="true" xmlns="http://xmlns.oracle.com/adfmcatalog"/>
   </mds:insert>
   <mds:insert parent="(xmlns(mds_ns1=http://xmlns.oracle.com/adfmcatalog))/mds_ns1:Definitions" position="last">
      <ViewObject fullName="sessiondef.oracle.iam.ui.runtime.form.model.GAETD02Request.view.GAETD02RequestVO" publishToBusinessEditor="true" xmlns="http://xmlns.oracle.com/adfmcatalog"/>
   </mds:insert>
   <mds:insert parent="(xmlns(mds_ns1=http://xmlns.oracle.com/adfmcatalog))/mds_ns1:Definitions" position="last">
      <ViewObject fullName="sessiondef.oracle.iam.ui.runtime.form.model.GAETD02Request.view.GAETD02RequestUD_D02T_DAPVO" publishToBusinessEditor="true" xmlns="http://xmlns.oracle.com/adfmcatalog"/>
   </mds:insert>
   <mds:insert parent="(xmlns(mds_ns1=http://xmlns.oracle.com/adfmcatalog))/mds_ns1:Definitions" position="last">
      <ViewObject fullName="sessiondef.oracle.iam.ui.runtime.form.model.GAETD03Request.view.GAETD03RequestVO" publishToBusinessEditor="true" xmlns="http://xmlns.oracle.com/adfmcatalog"/>
   </mds:insert>
   <mds:insert parent="(xmlns(mds_ns1=http://xmlns.oracle.com/adfmcatalog))/mds_ns1:Definitions" position="last">
      <ViewObject fullName="sessiondef.oracle.iam.ui.runtime.form.model.GAETD03Request.view.GAETD03RequestUD_D03T_DAPVO" publishToBusinessEditor="true" xmlns="http://xmlns.oracle.com/adfmcatalog"/>
   </mds:insert>
   <mds:insert parent="(xmlns(mds_ns1=http://xmlns.oracle.com/adfmcatalog))/mds_ns1:Definitions" position="last">
      <ViewObject fullName="sessiondef.oracle.iam.ui.runtime.form.model.PCFRequestIUA.view.PCFRequestIUAVO" publishToBusinessEditor="true" xmlns="http://xmlns.oracle.com/adfmcatalog"/>
   </mds:insert>
   <mds:insert parent="(xmlns(mds_ns1=http://xmlns.oracle.com/adfmcatalog))/mds_ns1:Definitions" position="last">
      <ViewObject fullName="sessiondef.oracle.iam.ui.runtime.form.model.PCFRequestIUA.view.PCFRequestIUAUD_PCF3_SRLVO" publishToBusinessEditor="true" xmlns="http://xmlns.oracle.com/adfmcatalog"/>
   </mds:insert>
   <mds:insert parent="(xmlns(mds_ns1=http://xmlns.oracle.com/adfmcatalog))/mds_ns1:Definitions" position="last">
      <ViewObject fullName="sessiondef.oracle.iam.ui.runtime.form.model.PCFRequestIUA.view.PCFRequestIUAUD_PCF3_ORLVO" publishToBusinessEditor="true" xmlns="http://xmlns.oracle.com/adfmcatalog"/>
   </mds:insert>
   <mds:insert parent="(xmlns(mds_ns1=http://xmlns.oracle.com/adfmcatalog))/mds_ns1:Definitions" position="last">
      <ViewObject fullName="sessiondef.oracle.iam.ui.runtime.form.model.PCFRequestIUA.view.PCFRequestIUAUD_PCF3_UGPVO" publishToBusinessEditor="true" xmlns="http://xmlns.oracle.com/adfmcatalog"/>
   </mds:insert>
   <mds:insert parent="(xmlns(mds_ns1=http://xmlns.oracle.com/adfmcatalog))/mds_ns1:Definitions" position="last">
      <ViewObject fullName="sessiondef.oracle.iam.ui.runtime.form.model.PCFRequestARES.view.PCFRequestARESVO" publishToBusinessEditor="true" xmlns="http://xmlns.oracle.com/adfmcatalog"/>
   </mds:insert>
   <mds:insert parent="(xmlns(mds_ns1=http://xmlns.oracle.com/adfmcatalog))/mds_ns1:Definitions" position="last">
      <ViewObject fullName="sessiondef.oracle.iam.ui.runtime.form.model.PCFRequestARES.view.PCFRequestARESUD_PCF4_SRLVO" publishToBusinessEditor="true" xmlns="http://xmlns.oracle.com/adfmcatalog"/>
   </mds:insert>
   <mds:insert parent="(xmlns(mds_ns1=http://xmlns.oracle.com/adfmcatalog))/mds_ns1:Definitions" position="last">
      <ViewObject fullName="sessiondef.oracle.iam.ui.runtime.form.model.PCFRequestARES.view.PCFRequestARESUD_PCF4_ORLVO" publishToBusinessEditor="true" xmlns="http://xmlns.oracle.com/adfmcatalog"/>
   </mds:insert>
   <mds:insert parent="(xmlns(mds_ns1=http://xmlns.oracle.com/adfmcatalog))/mds_ns1:Definitions" position="last">
      <ViewObject fullName="sessiondef.oracle.iam.ui.runtime.form.model.PCFRequestARES.view.PCFRequestARESUD_PCF4_UGPVO" publishToBusinessEditor="true" xmlns="http://xmlns.oracle.com/adfmcatalog"/>
   </mds:insert>
   <mds:insert parent="(xmlns(mds_ns1=http://xmlns.oracle.com/adfmcatalog))/mds_ns1:Definitions" position="last">
      <ViewObject fullName="sessiondef.oracle.iam.ui.runtime.form.model.ADHRequest.view.ADHRequestVO" publishToBusinessEditor="true" xmlns="http://xmlns.oracle.com/adfmcatalog"/>
   </mds:insert>
   <mds:insert parent="(xmlns(mds_ns1=http://xmlns.oracle.com/adfmcatalog))/mds_ns1:Definitions" position="last">
      <ViewObject fullName="sessiondef.oracle.iam.ui.runtime.form.model.ADHRequest.view.ADHRequestUD_ADH_UGPVO" publishToBusinessEditor="true" xmlns="http://xmlns.oracle.com/adfmcatalog"/>
   </mds:insert>
   <mds:insert parent="(xmlns(mds_ns1=http://xmlns.oracle.com/adfmcatalog))/mds_ns1:Definitions" position="last">
      <ViewObject fullName="sessiondef.oracle.iam.ui.runtime.form.model.PGOFSRequest.view.PGOFSRequestVO" publishToBusinessEditor="true" xmlns="http://xmlns.oracle.com/adfmcatalog"/>
   </mds:insert>
   <mds:insert parent="(xmlns(mds_ns1=http://xmlns.oracle.com/adfmcatalog))/mds_ns1:Definitions" position="last">
      <ViewObject fullName="sessiondef.oracle.iam.ui.runtime.form.model.PGOFSRequest.view.PGOFSRequestUD_OFPG_UGPVO" publishToBusinessEditor="true" xmlns="http://xmlns.oracle.com/adfmcatalog"/>
   </mds:insert>
   <mds:insert parent="(xmlns(mds_ns1=http://xmlns.oracle.com/adfmcatalog))/mds_ns1:Definitions" position="last">
      <ViewObject fullName="sessiondef.oracle.iam.ui.runtime.form.model.ANOFSRequest.view.ANOFSRequestVO" publishToBusinessEditor="true" xmlns="http://xmlns.oracle.com/adfmcatalog"/>
   </mds:insert>
   <mds:insert parent="(xmlns(mds_ns1=http://xmlns.oracle.com/adfmcatalog))/mds_ns1:Definitions" position="last">
      <ViewObject fullName="sessiondef.oracle.iam.ui.runtime.form.model.ANOFSRequest.view.ANOFSRequestUD_OFAN_UGPVO" publishToBusinessEditor="true" xmlns="http://xmlns.oracle.com/adfmcatalog"/>
   </mds:insert>
   <mds:insert parent="(xmlns(mds_ns1=http://xmlns.oracle.com/adfmcatalog))/mds_ns1:Definitions" position="last">
      <ViewObject fullName="sessiondef.oracle.iam.ui.runtime.form.model.BBOFSRequest.view.BBOFSRequestVO" publishToBusinessEditor="true" xmlns="http://xmlns.oracle.com/adfmcatalog"/>
   </mds:insert>
   <mds:insert parent="(xmlns(mds_ns1=http://xmlns.oracle.com/adfmcatalog))/mds_ns1:Definitions" position="last">
      <ViewObject fullName="sessiondef.oracle.iam.ui.runtime.form.model.BBOFSRequest.view.BBOFSRequestUD_OFBB_UGPVO" publishToBusinessEditor="true" xmlns="http://xmlns.oracle.com/adfmcatalog"/>
   </mds:insert>
   <mds:insert parent="(xmlns(mds_ns1=http://xmlns.oracle.com/adfmcatalog))/mds_ns1:Definitions" position="last">
      <ViewObject fullName="sessiondef.oracle.iam.ui.runtime.form.model.BEOFSRequest.view.BEOFSRequestVO" publishToBusinessEditor="true" xmlns="http://xmlns.oracle.com/adfmcatalog"/>
   </mds:insert>
   <mds:insert parent="(xmlns(mds_ns1=http://xmlns.oracle.com/adfmcatalog))/mds_ns1:Definitions" position="last">
      <ViewObject fullName="sessiondef.oracle.iam.ui.runtime.form.model.BEOFSRequest.view.BEOFSRequestUD_OFBE_UGPVO" publishToBusinessEditor="true" xmlns="http://xmlns.oracle.com/adfmcatalog"/>
   </mds:insert>
   <mds:insert parent="(xmlns(mds_ns1=http://xmlns.oracle.com/adfmcatalog))/mds_ns1:Definitions" position="last">
      <ViewObject fullName="sessiondef.oracle.iam.ui.runtime.form.model.BKOFSRequest.view.BKOFSRequestVO" publishToBusinessEditor="true" xmlns="http://xmlns.oracle.com/adfmcatalog"/>
   </mds:insert>
   <mds:insert parent="(xmlns(mds_ns1=http://xmlns.oracle.com/adfmcatalog))/mds_ns1:Definitions" position="last">
      <ViewObject fullName="sessiondef.oracle.iam.ui.runtime.form.model.BKOFSRequest.view.BKOFSRequestUD_OFBK_UGPVO" publishToBusinessEditor="true" xmlns="http://xmlns.oracle.com/adfmcatalog"/>
   </mds:insert>
   <mds:insert parent="(xmlns(mds_ns1=http://xmlns.oracle.com/adfmcatalog))/mds_ns1:Definitions" position="last">
      <ViewObject fullName="sessiondef.oracle.iam.ui.runtime.form.model.BPOFSRequest.view.BPOFSRequestVO" publishToBusinessEditor="true" xmlns="http://xmlns.oracle.com/adfmcatalog"/>
   </mds:insert>
   <mds:insert parent="(xmlns(mds_ns1=http://xmlns.oracle.com/adfmcatalog))/mds_ns1:Definitions" position="last">
      <ViewObject fullName="sessiondef.oracle.iam.ui.runtime.form.model.BPOFSRequest.view.BPOFSRequestUD_OFBP_UGPVO" publishToBusinessEditor="true" xmlns="http://xmlns.oracle.com/adfmcatalog"/>
   </mds:insert>
   <mds:insert parent="(xmlns(mds_ns1=http://xmlns.oracle.com/adfmcatalog))/mds_ns1:Definitions" position="last">
      <ViewObject fullName="sessiondef.oracle.iam.ui.runtime.form.model.BWOFSRequest.view.BWOFSRequestVO" publishToBusinessEditor="true" xmlns="http://xmlns.oracle.com/adfmcatalog"/>
   </mds:insert>
   <mds:insert parent="(xmlns(mds_ns1=http://xmlns.oracle.com/adfmcatalog))/mds_ns1:Definitions" position="last">
      <ViewObject fullName="sessiondef.oracle.iam.ui.runtime.form.model.BWOFSRequest.view.BWOFSRequestUD_OFBW_UGPVO" publishToBusinessEditor="true" xmlns="http://xmlns.oracle.com/adfmcatalog"/>
   </mds:insert>
   <mds:insert parent="(xmlns(mds_ns1=http://xmlns.oracle.com/adfmcatalog))/mds_ns1:Definitions" position="last">
      <ViewObject fullName="sessiondef.oracle.iam.ui.runtime.form.model.BYOFSRequest.view.BYOFSRequestVO" publishToBusinessEditor="true" xmlns="http://xmlns.oracle.com/adfmcatalog"/>
   </mds:insert>
   <mds:insert parent="(xmlns(mds_ns1=http://xmlns.oracle.com/adfmcatalog))/mds_ns1:Definitions" position="last">
      <ViewObject fullName="sessiondef.oracle.iam.ui.runtime.form.model.BYOFSRequest.view.BYOFSRequestUD_OFBY_UGPVO" publishToBusinessEditor="true" xmlns="http://xmlns.oracle.com/adfmcatalog"/>
   </mds:insert>
   <mds:insert parent="(xmlns(mds_ns1=http://xmlns.oracle.com/adfmcatalog))/mds_ns1:Definitions" position="last">
      <ViewObject fullName="sessiondef.oracle.iam.ui.runtime.form.model.HBOFSRequest.view.HBOFSRequestVO" publishToBusinessEditor="true" xmlns="http://xmlns.oracle.com/adfmcatalog"/>
   </mds:insert>
   <mds:insert parent="(xmlns(mds_ns1=http://xmlns.oracle.com/adfmcatalog))/mds_ns1:Definitions" position="last">
      <ViewObject fullName="sessiondef.oracle.iam.ui.runtime.form.model.HBOFSRequest.view.HBOFSRequestUD_OFHB_UGPVO" publishToBusinessEditor="true" xmlns="http://xmlns.oracle.com/adfmcatalog"/>
   </mds:insert>
   <mds:insert parent="(xmlns(mds_ns1=http://xmlns.oracle.com/adfmcatalog))/mds_ns1:Definitions" position="last">
      <ViewObject fullName="sessiondef.oracle.iam.ui.runtime.form.model.HEOFSRequest.view.HEOFSRequestVO" publishToBusinessEditor="true" xmlns="http://xmlns.oracle.com/adfmcatalog"/>
   </mds:insert>
   <mds:insert parent="(xmlns(mds_ns1=http://xmlns.oracle.com/adfmcatalog))/mds_ns1:Definitions" position="last">
      <ViewObject fullName="sessiondef.oracle.iam.ui.runtime.form.model.HEOFSRequest.view.HEOFSRequestUD_OFHE_UGPVO" publishToBusinessEditor="true" xmlns="http://xmlns.oracle.com/adfmcatalog"/>
   </mds:insert>
   <mds:insert parent="(xmlns(mds_ns1=http://xmlns.oracle.com/adfmcatalog))/mds_ns1:Definitions" position="last">
      <ViewObject fullName="sessiondef.oracle.iam.ui.runtime.form.model.HHOFSRequest.view.HHOFSRequestVO" publishToBusinessEditor="true" xmlns="http://xmlns.oracle.com/adfmcatalog"/>
   </mds:insert>
   <mds:insert parent="(xmlns(mds_ns1=http://xmlns.oracle.com/adfmcatalog))/mds_ns1:Definitions" position="last">
      <ViewObject fullName="sessiondef.oracle.iam.ui.runtime.form.model.HHOFSRequest.view.HHOFSRequestUD_OFHH_UGPVO" publishToBusinessEditor="true" xmlns="http://xmlns.oracle.com/adfmcatalog"/>
   </mds:insert>
   <mds:insert parent="(xmlns(mds_ns1=http://xmlns.oracle.com/adfmcatalog))/mds_ns1:Definitions" position="last">
      <ViewObject fullName="sessiondef.oracle.iam.ui.runtime.form.model.MVOFSRequest.view.MVOFSRequestVO" publishToBusinessEditor="true" xmlns="http://xmlns.oracle.com/adfmcatalog"/>
   </mds:insert>
   <mds:insert parent="(xmlns(mds_ns1=http://xmlns.oracle.com/adfmcatalog))/mds_ns1:Definitions" position="last">
      <ViewObject fullName="sessiondef.oracle.iam.ui.runtime.form.model.MVOFSRequest.view.MVOFSRequestUD_OFMV_UGPVO" publishToBusinessEditor="true" xmlns="http://xmlns.oracle.com/adfmcatalog"/>
   </mds:insert>
   <mds:insert parent="(xmlns(mds_ns1=http://xmlns.oracle.com/adfmcatalog))/mds_ns1:Definitions" position="last">
      <ViewObject fullName="sessiondef.oracle.iam.ui.runtime.form.model.NIOFSRequest.view.NIOFSRequestVO" publishToBusinessEditor="true" xmlns="http://xmlns.oracle.com/adfmcatalog"/>
   </mds:insert>
   <mds:insert parent="(xmlns(mds_ns1=http://xmlns.oracle.com/adfmcatalog))/mds_ns1:Definitions" position="last">
      <ViewObject fullName="sessiondef.oracle.iam.ui.runtime.form.model.NIOFSRequest.view.NIOFSRequestUD_OFNI_UGPVO" publishToBusinessEditor="true" xmlns="http://xmlns.oracle.com/adfmcatalog"/>
   </mds:insert>
   <mds:insert parent="(xmlns(mds_ns1=http://xmlns.oracle.com/adfmcatalog))/mds_ns1:Definitions" position="last">
      <ViewObject fullName="sessiondef.oracle.iam.ui.runtime.form.model.NWOFSRequest.view.NWOFSRequestVO" publishToBusinessEditor="true" xmlns="http://xmlns.oracle.com/adfmcatalog"/>
   </mds:insert>
   <mds:insert parent="(xmlns(mds_ns1=http://xmlns.oracle.com/adfmcatalog))/mds_ns1:Definitions" position="last">
      <ViewObject fullName="sessiondef.oracle.iam.ui.runtime.form.model.NWOFSRequest.view.NWOFSRequestUD_OFNW_UGPVO" publishToBusinessEditor="true" xmlns="http://xmlns.oracle.com/adfmcatalog"/>
   </mds:insert>
   <mds:insert parent="(xmlns(mds_ns1=http://xmlns.oracle.com/adfmcatalog))/mds_ns1:Definitions" position="last">
      <ViewObject fullName="sessiondef.oracle.iam.ui.runtime.form.model.RPOFSRequest.view.RPOFSRequestVO" publishToBusinessEditor="true" xmlns="http://xmlns.oracle.com/adfmcatalog"/>
   </mds:insert>
   <mds:insert parent="(xmlns(mds_ns1=http://xmlns.oracle.com/adfmcatalog))/mds_ns1:Definitions" position="last">
      <ViewObject fullName="sessiondef.oracle.iam.ui.runtime.form.model.RPOFSRequest.view.RPOFSRequestUD_OFRP_UGPVO" publishToBusinessEditor="true" xmlns="http://xmlns.oracle.com/adfmcatalog"/>
   </mds:insert>
</mds:customization>
