<sandbox_metadata xmlns='http://xmlns.oracle.com/mds/sandbox'  version='11.1.1.4.0' >
<user_metadata xmlns='http://xmlns.oracle.com/mds/sandbox' >
    <comments>IdM Long Running Sandbox</comments>
    <description></description>
    <createdBy>xelsysadm</createdBy>
    <createdOn>1710843830780</createdOn>
    <lastModifiedBy>USR_1/XELSYSADM</lastModifiedBy>
    <lastModifiedOn>1710845317364</lastModifiedOn>
    <mainlineLabel>Creation_IdM_OAuth2_11:23:50</mainlineLabel>
    <mergedBy></mergedBy>
    <mergedOn></mergedOn>
    <postMergeLabel></postMergeLabel>
    <preMergeLabel></preMergeLabel>
    <preUndoLabel></preUndoLabel>
    <postUndoLabel></postUndoLabel>
    <undoneBy></undoneBy>
    <finalizedBy></finalizedBy>
    <name>IdM_OAuth2</name>
</user_metadata>
<custom_metadata xmlns='http://xmlns.oracle.com/mds/sandbox' >
</custom_metadata>
<system_metadata xmlns='http://xmlns.oracle.com/mds/sandbox' >
<listOfDocsInSandbox>
</listOfDocsInSandbox>
</system_metadata>
</sandbox_metadata>
