<?xml version='1.0' encoding='UTF-8'?>
<mds:customization version="12.2.1_20170820.0914" xmlns:mds="http://xmlns.oracle.com/mds" motype_local_name="PDefApplicationModule" motype_nsuri="http://xmlns.oracle.com/bc4j">
   <mds:insert parent="CatalogAM" position="last">
      <ViewUsage Name="IDSRequestVO" ViewObjectName="sessiondef.oracle.iam.ui.runtime.form.model.IDSRequest.view.IDSRequestVO" xmlns="http://xmlns.oracle.com/bc4j"/>
   </mds:insert>
   <mds:insert parent="CatalogAM" position="last">
      <ViewUsage Name="IDSRequestUD_IDS_GRPVO" ViewObjectName="sessiondef.oracle.iam.ui.runtime.form.model.IDSRequest.view.IDSRequestUD_IDS_GRPVO" xmlns="http://xmlns.oracle.com/bc4j"/>
   </mds:insert>
   <mds:insert parent="CatalogAM" position="last">
      <ViewLinkUsage Name="IDSRequestVOToIDSRequestUD_IDS_GRPVOLink" ViewLinkObjectName="sessiondef.oracle.iam.ui.runtime.form.model.IDSRequest.link.IDSRequestVOToIDSRequestUD_IDS_GRPVOLink" SrcViewUsageName="IDSRequestVO" DstViewUsageName="IDSRequestUD_IDS_GRPVO" xmlns="http://xmlns.oracle.com/bc4j"/>
   </mds:insert>
   <mds:insert parent="CatalogAM" position="last">
      <ViewUsage Name="IDSRequestUD_IDS_ROLVO" ViewObjectName="sessiondef.oracle.iam.ui.runtime.form.model.IDSRequest.view.IDSRequestUD_IDS_ROLVO" xmlns="http://xmlns.oracle.com/bc4j"/>
   </mds:insert>
   <mds:insert parent="CatalogAM" position="last">
      <ViewLinkUsage Name="IDSRequestVOToIDSRequestUD_IDS_ROLVOLink" ViewLinkObjectName="sessiondef.oracle.iam.ui.runtime.form.model.IDSRequest.link.IDSRequestVOToIDSRequestUD_IDS_ROLVOLink" SrcViewUsageName="IDSRequestVO" DstViewUsageName="IDSRequestUD_IDS_ROLVO" xmlns="http://xmlns.oracle.com/bc4j"/>
   </mds:insert>
   <mds:insert parent="CatalogAM" position="last">
      <ViewUsage Name="CTSRequestVO" ViewObjectName="sessiondef.oracle.iam.ui.runtime.form.model.CTSRequest.view.CTSRequestVO" xmlns="http://xmlns.oracle.com/bc4j"/>
   </mds:insert>
   <mds:insert parent="CatalogAM" position="last">
      <ViewUsage Name="CTSRequestUD_CTS_UGPVO" ViewObjectName="sessiondef.oracle.iam.ui.runtime.form.model.CTSRequest.view.CTSRequestUD_CTS_UGPVO" xmlns="http://xmlns.oracle.com/bc4j"/>
   </mds:insert>
   <mds:insert parent="CatalogAM" position="last">
      <ViewLinkUsage Name="CTSRequestVOToCTSRequestUD_CTS_UGPVOLink" ViewLinkObjectName="sessiondef.oracle.iam.ui.runtime.form.model.CTSRequest.link.CTSRequestVOToCTSRequestUD_CTS_UGPVOLink" SrcViewUsageName="CTSRequestVO" DstViewUsageName="CTSRequestUD_CTS_UGPVO" xmlns="http://xmlns.oracle.com/bc4j"/>
   </mds:insert>
   <mds:insert parent="CatalogAM" position="last">
      <ViewUsage Name="eFBSRequestProductionVO" ViewObjectName="sessiondef.oracle.iam.ui.runtime.form.model.eFBSRequestProduction.view.eFBSRequestProductionVO" xmlns="http://xmlns.oracle.com/bc4j"/>
   </mds:insert>
   <mds:insert parent="CatalogAM" position="last">
      <ViewUsage Name="eFBSRequestProductionUD_EFBSP_MVO" ViewObjectName="sessiondef.oracle.iam.ui.runtime.form.model.eFBSRequestProduction.view.eFBSRequestProductionUD_EFBSP_MVO" xmlns="http://xmlns.oracle.com/bc4j"/>
   </mds:insert>
   <mds:insert parent="CatalogAM" position="last">
      <ViewLinkUsage Name="eFBSRequestProductionVOToeFBSRequestProductionUD_EFBSP_MVOLink" ViewLinkObjectName="sessiondef.oracle.iam.ui.runtime.form.model.eFBSRequestProduction.link.eFBSRequestProductionVOToeFBSRequestProductionUD_EFBSP_MVOLink" SrcViewUsageName="eFBSRequestProductionVO" DstViewUsageName="eFBSRequestProductionUD_EFBSP_MVO" xmlns="http://xmlns.oracle.com/bc4j"/>
   </mds:insert>
   <mds:insert parent="CatalogAM" position="last">
      <ViewUsage Name="eFBSRequestProductionUD_EFBSP_PVO" ViewObjectName="sessiondef.oracle.iam.ui.runtime.form.model.eFBSRequestProduction.view.eFBSRequestProductionUD_EFBSP_PVO" xmlns="http://xmlns.oracle.com/bc4j"/>
   </mds:insert>
   <mds:insert parent="CatalogAM" position="last">
      <ViewLinkUsage Name="eFBSRequestProductionVOToeFBSRequestProductionUD_EFBSP_PVOLink" ViewLinkObjectName="sessiondef.oracle.iam.ui.runtime.form.model.eFBSRequestProduction.link.eFBSRequestProductionVOToeFBSRequestProductionUD_EFBSP_PVOLink" SrcViewUsageName="eFBSRequestProductionVO" DstViewUsageName="eFBSRequestProductionUD_EFBSP_PVO" xmlns="http://xmlns.oracle.com/bc4j"/>
   </mds:insert>
   <mds:insert parent="CatalogAM" position="last">
      <ViewUsage Name="eFBSRequestEducationVO" ViewObjectName="sessiondef.oracle.iam.ui.runtime.form.model.eFBSRequestEducation.view.eFBSRequestEducationVO" xmlns="http://xmlns.oracle.com/bc4j"/>
   </mds:insert>
   <mds:insert parent="CatalogAM" position="last">
      <ViewUsage Name="eFBSRequestEducationUD_EFBSE_MVO" ViewObjectName="sessiondef.oracle.iam.ui.runtime.form.model.eFBSRequestEducation.view.eFBSRequestEducationUD_EFBSE_MVO" xmlns="http://xmlns.oracle.com/bc4j"/>
   </mds:insert>
   <mds:insert parent="CatalogAM" position="last">
      <ViewLinkUsage Name="eFBSRequestEducationVOToeFBSRequestEducationUD_EFBSE_MVOLink" ViewLinkObjectName="sessiondef.oracle.iam.ui.runtime.form.model.eFBSRequestEducation.link.eFBSRequestEducationVOToeFBSRequestEducationUD_EFBSE_MVOLink" SrcViewUsageName="eFBSRequestEducationVO" DstViewUsageName="eFBSRequestEducationUD_EFBSE_MVO" xmlns="http://xmlns.oracle.com/bc4j"/>
   </mds:insert>
   <mds:insert parent="CatalogAM" position="last">
      <ViewUsage Name="eFBSRequestEducationUD_EFBSE_PVO" ViewObjectName="sessiondef.oracle.iam.ui.runtime.form.model.eFBSRequestEducation.view.eFBSRequestEducationUD_EFBSE_PVO" xmlns="http://xmlns.oracle.com/bc4j"/>
   </mds:insert>
   <mds:insert parent="CatalogAM" position="last">
      <ViewLinkUsage Name="eFBSRequestEducationVOToeFBSRequestEducationUD_EFBSE_PVOLink" ViewLinkObjectName="sessiondef.oracle.iam.ui.runtime.form.model.eFBSRequestEducation.link.eFBSRequestEducationVOToeFBSRequestEducationUD_EFBSE_PVOLink" SrcViewUsageName="eFBSRequestEducationVO" DstViewUsageName="eFBSRequestEducationUD_EFBSE_PVO" xmlns="http://xmlns.oracle.com/bc4j"/>
   </mds:insert>
   <mds:insert parent="CatalogAM" position="last">
      <ViewUsage Name="PSCRequestVO" ViewObjectName="sessiondef.oracle.iam.ui.runtime.form.model.PSCRequest.view.PSCRequestVO" xmlns="http://xmlns.oracle.com/bc4j"/>
   </mds:insert>
   <mds:insert parent="CatalogAM" position="last">
      <ViewUsage Name="PSCRequestUD_PSC_UGPVO" ViewObjectName="sessiondef.oracle.iam.ui.runtime.form.model.PSCRequest.view.PSCRequestUD_PSC_UGPVO" xmlns="http://xmlns.oracle.com/bc4j"/>
   </mds:insert>
   <mds:insert parent="CatalogAM" position="last">
      <ViewLinkUsage Name="PSCRequestVOToPSCRequestUD_PSC_UGPVOLink" ViewLinkObjectName="sessiondef.oracle.iam.ui.runtime.form.model.PSCRequest.link.PSCRequestVOToPSCRequestUD_PSC_UGPVOLink" SrcViewUsageName="PSCRequestVO" DstViewUsageName="PSCRequestUD_PSC_UGPVO" xmlns="http://xmlns.oracle.com/bc4j"/>
   </mds:insert>
   <mds:insert parent="CatalogAM" position="last">
      <ViewUsage Name="PCFRequestProductionVO" ViewObjectName="sessiondef.oracle.iam.ui.runtime.form.model.PCFRequestProduction.view.PCFRequestProductionVO" xmlns="http://xmlns.oracle.com/bc4j"/>
   </mds:insert>
   <mds:insert parent="CatalogAM" position="last">
      <ViewUsage Name="PCFRequestProductionUD_PCFP_SRLVO" ViewObjectName="sessiondef.oracle.iam.ui.runtime.form.model.PCFRequestProduction.view.PCFRequestProductionUD_PCFP_SRLVO" xmlns="http://xmlns.oracle.com/bc4j"/>
   </mds:insert>
   <mds:insert parent="CatalogAM" position="last">
      <ViewLinkUsage Name="PCFRequestProductionVOToPCFRequestProductionUD_PCFP_SRLVOLink" ViewLinkObjectName="sessiondef.oracle.iam.ui.runtime.form.model.PCFRequestProduction.link.PCFRequestProductionVOToPCFRequestProductionUD_PCFP_SRLVOLink" SrcViewUsageName="PCFRequestProductionVO" DstViewUsageName="PCFRequestProductionUD_PCFP_SRLVO" xmlns="http://xmlns.oracle.com/bc4j"/>
   </mds:insert>
   <mds:insert parent="CatalogAM" position="last">
      <ViewUsage Name="PCFRequestProductionUD_PCFP_ORLVO" ViewObjectName="sessiondef.oracle.iam.ui.runtime.form.model.PCFRequestProduction.view.PCFRequestProductionUD_PCFP_ORLVO" xmlns="http://xmlns.oracle.com/bc4j"/>
   </mds:insert>
   <mds:insert parent="CatalogAM" position="last">
      <ViewLinkUsage Name="PCFRequestProductionVOToPCFRequestProductionUD_PCFP_ORLVOLink" ViewLinkObjectName="sessiondef.oracle.iam.ui.runtime.form.model.PCFRequestProduction.link.PCFRequestProductionVOToPCFRequestProductionUD_PCFP_ORLVOLink" SrcViewUsageName="PCFRequestProductionVO" DstViewUsageName="PCFRequestProductionUD_PCFP_ORLVO" xmlns="http://xmlns.oracle.com/bc4j"/>
   </mds:insert>
   <mds:insert parent="CatalogAM" position="last">
      <ViewUsage Name="PCFRequestProductionUD_PCFP_UGPVO" ViewObjectName="sessiondef.oracle.iam.ui.runtime.form.model.PCFRequestProduction.view.PCFRequestProductionUD_PCFP_UGPVO" xmlns="http://xmlns.oracle.com/bc4j"/>
   </mds:insert>
   <mds:insert parent="CatalogAM" position="last">
      <ViewLinkUsage Name="PCFRequestProductionVOToPCFRequestProductionUD_PCFP_UGPVOLink" ViewLinkObjectName="sessiondef.oracle.iam.ui.runtime.form.model.PCFRequestProduction.link.PCFRequestProductionVOToPCFRequestProductionUD_PCFP_UGPVOLink" SrcViewUsageName="PCFRequestProductionVO" DstViewUsageName="PCFRequestProductionUD_PCFP_UGPVO" xmlns="http://xmlns.oracle.com/bc4j"/>
   </mds:insert>
   <mds:insert parent="CatalogAM" position="last">
      <ViewUsage Name="PCFRequestDevelopmentVO" ViewObjectName="sessiondef.oracle.iam.ui.runtime.form.model.PCFRequestDevelopment.view.PCFRequestDevelopmentVO" xmlns="http://xmlns.oracle.com/bc4j"/>
   </mds:insert>
   <mds:insert parent="CatalogAM" position="last">
      <ViewUsage Name="PCFRequestDevelopmentUD_PCFD_SRLVO" ViewObjectName="sessiondef.oracle.iam.ui.runtime.form.model.PCFRequestDevelopment.view.PCFRequestDevelopmentUD_PCFD_SRLVO" xmlns="http://xmlns.oracle.com/bc4j"/>
   </mds:insert>
   <mds:insert parent="CatalogAM" position="last">
      <ViewLinkUsage Name="PCFRequestDevelopmentVOToPCFRequestDevelopmentUD_PCFD_SRLVOLink" ViewLinkObjectName="sessiondef.oracle.iam.ui.runtime.form.model.PCFRequestDevelopment.link.PCFRequestDevelopmentVOToPCFRequestDevelopmentUD_PCFD_SRLVOLink" SrcViewUsageName="PCFRequestDevelopmentVO" DstViewUsageName="PCFRequestDevelopmentUD_PCFD_SRLVO" xmlns="http://xmlns.oracle.com/bc4j"/>
   </mds:insert>
   <mds:insert parent="CatalogAM" position="last">
      <ViewUsage Name="PCFRequestDevelopmentUD_PCFD_ORLVO" ViewObjectName="sessiondef.oracle.iam.ui.runtime.form.model.PCFRequestDevelopment.view.PCFRequestDevelopmentUD_PCFD_ORLVO" xmlns="http://xmlns.oracle.com/bc4j"/>
   </mds:insert>
   <mds:insert parent="CatalogAM" position="last">
      <ViewLinkUsage Name="PCFRequestDevelopmentVOToPCFRequestDevelopmentUD_PCFD_ORLVOLink" ViewLinkObjectName="sessiondef.oracle.iam.ui.runtime.form.model.PCFRequestDevelopment.link.PCFRequestDevelopmentVOToPCFRequestDevelopmentUD_PCFD_ORLVOLink" SrcViewUsageName="PCFRequestDevelopmentVO" DstViewUsageName="PCFRequestDevelopmentUD_PCFD_ORLVO" xmlns="http://xmlns.oracle.com/bc4j"/>
   </mds:insert>
   <mds:insert parent="CatalogAM" position="last">
      <ViewUsage Name="PCFRequestDevelopmentUD_PCFD_UGPVO" ViewObjectName="sessiondef.oracle.iam.ui.runtime.form.model.PCFRequestDevelopment.view.PCFRequestDevelopmentUD_PCFD_UGPVO" xmlns="http://xmlns.oracle.com/bc4j"/>
   </mds:insert>
   <mds:insert parent="CatalogAM" position="last">
      <ViewLinkUsage Name="PCFRequestDevelopmentVOToPCFRequestDevelopmentUD_PCFD_UGPVOLink" ViewLinkObjectName="sessiondef.oracle.iam.ui.runtime.form.model.PCFRequestDevelopment.link.PCFRequestDevelopmentVOToPCFRequestDevelopmentUD_PCFD_UGPVOLink" SrcViewUsageName="PCFRequestDevelopmentVO" DstViewUsageName="PCFRequestDevelopmentUD_PCFD_UGPVO" xmlns="http://xmlns.oracle.com/bc4j"/>
   </mds:insert>
   <mds:modify element="CatalogAM">
      <mds:attribute name="StaticDef" value="oracle.iam.ui.catalog.model.am.CatalogAM"/>
      <mds:attribute name="MinorVersion" value="16"/>
      <mds:attribute name="EmptyDoc" value="false"/>
      <mds:attribute name="Version" value="12.2.1.9.14"/>
   </mds:modify>
</mds:customization>
