<?xml version='1.0' encoding='UTF-8'?>
<mds:customization version="12.2.1_20170820.0914" xmlns:mds="http://xmlns.oracle.com/mds" motype_local_name="" motype_nsuri="http://xmlns.oracle.com/bc4j">
  <mds:insert parent="CatalogAM" position="last">
    <ViewUsage Name="IDSRequestVO" ViewObjectName="sessiondef.oracle.iam.ui.runtime.form.model.IDSRequest.view.IDSRequestVO" xmlns="http://xmlns.oracle.com/bc4j"/>
  </mds:insert>
  <mds:insert parent="CatalogAM" position="last">
    <ViewUsage Name="IDSRequestUD_IDS_GRPVO" ViewObjectName="sessiondef.oracle.iam.ui.runtime.form.model.IDSRequest.view.IDSRequestUD_IDS_GRPVO" xmlns="http://xmlns.oracle.com/bc4j"/>
  </mds:insert>
  <mds:insert parent="CatalogAM" position="last">
    <ViewLinkUsage Name="IDSRequestVOToIDSRequestUD_IDS_GRPVOLink" ViewLinkObjectName="sessiondef.oracle.iam.ui.runtime.form.model.IDSRequest.link.IDSRequestVOToIDSRequestUD_IDS_GRPVOLink" SrcViewUsageName="IDSRequestVO" DstViewUsageName="IDSRequestUD_IDS_GRPVO" xmlns="http://xmlns.oracle.com/bc4j"/>
  </mds:insert>
  <mds:insert parent="CatalogAM" position="last">
    <ViewUsage Name="IDSRequestUD_IDS_ROLVO" ViewObjectName="sessiondef.oracle.iam.ui.runtime.form.model.IDSRequest.view.IDSRequestUD_IDS_ROLVO" xmlns="http://xmlns.oracle.com/bc4j"/>
  </mds:insert>
  <mds:insert parent="CatalogAM" position="last">
    <ViewLinkUsage Name="IDSRequestVOToIDSRequestUD_IDS_ROLVOLink" ViewLinkObjectName="sessiondef.oracle.iam.ui.runtime.form.model.IDSRequest.link.IDSRequestVOToIDSRequestUD_IDS_ROLVOLink" SrcViewUsageName="IDSRequestVO" DstViewUsageName="IDSRequestUD_IDS_ROLVO" xmlns="http://xmlns.oracle.com/bc4j"/>
  </mds:insert>
  <mds:modify element="CatalogAM">
    <mds:attribute name="StaticDef" value="oracle.iam.ui.catalog.model.am.CatalogAM"/>
    <mds:attribute name="MinorVersion" value="73"/>
    <mds:attribute name="EmptyDoc" value="false"/>
    <mds:attribute name="Version" value="12.2.1.22.48"/>
  </mds:modify>
</mds:customization>