<sandbox_metadata xmlns='http://xmlns.oracle.com/mds/sandbox'  version='11.1.1.4.0' >
<user_metadata xmlns='http://xmlns.oracle.com/mds/sandbox' >
    <comments>IdM Long Running Sandbox</comments>
    <description>User Interface Customization&apos;s along with the Google Apigee Edge Developer Production request and administration task flows.</description>
    <createdBy>xelsysadm</createdBy>
    <createdOn>1631896104489</createdOn>
    <lastModifiedBy>mdsInternal</lastModifiedBy>
    <lastModifiedOn>1631896105077</lastModifiedOn>
    <mainlineLabel>Creation_Imported_06:28:24</mainlineLabel>
    <mergedBy></mergedBy>
    <mergedOn></mergedOn>
    <postMergeLabel></postMergeLabel>
    <preMergeLabel></preMergeLabel>
    <preUndoLabel></preUndoLabel>
    <postUndoLabel></postUndoLabel>
    <undoneBy></undoneBy>
    <finalizedBy></finalizedBy>
    <name>IdM_d03-p-account-sysadmin</name>
</user_metadata>
<custom_metadata xmlns='http://xmlns.oracle.com/mds/sandbox' >
</custom_metadata>
<system_metadata xmlns='http://xmlns.oracle.com/mds/sandbox' >
<listOfDocsInSandbox>
</listOfDocsInSandbox>
</system_metadata>
</sandbox_metadata>
