<?xml version='1.0' encoding='UTF-8'?>
<mds:customization version="12.2.1_20170820.0914" xmlns:mds="http://xmlns.oracle.com/mds" motype_local_name="PDefEntityObject" motype_nsuri="http://xmlns.oracle.com/bc4j">
   <mds:insert parent="UserEO" position="last">
      <Attribute Name="division__c" IsPersistent="false" IsQueriable="true" Precision="1024" Scale="0" Expression="DIVISION__C" Type="java.lang.String" ColumnType="VARCHAR2(255)" SQLType="VARCHAR" xmlns="http://xmlns.oracle.com/bc4j">
         <Properties>
            <Property Name="AttributeType" Value="Text"/>
            <Property Name="description_ResId" Value="${adfBundle['oracle.adf.businesseditor.model.util.BaseRuntimeResourceBundle']['persdef.sessiondef.oracle.iam.ui.runtime.form.model.user.entity.userEO.division__c_description']}"/>
            <Property Name="DISPLAYWIDTH" Value="80"/>
            <Property Name="ExtnCustom" Value="Y"/>
            <Property Name="LABEL_ResId" Value="${adfBundle['oracle.adf.businesseditor.model.util.BaseRuntimeResourceBundle']['oracle.iam.ui.common.model.user.entity.UserEO.division__c_LABEL']}"/>
            <Property Name="oimBulkUpdate" Value="Y"/>
            <Property Name="oimCertifiable" Value="Y"/>
            <Property Name="oimRefAttrName" Value="division"/>
         </Properties>
         <CompOper Name="=" ToDo="2" Oper="=" MinCardinality="1" MaxCardinality="1"/>
         <CompOper Name="STARTSWITH" ToDo="2" Oper="STARTSWITH" MinCardinality="1" MaxCardinality="1"/>
         <CompOper Name="ENDSWITH" ToDo="2" Oper="ENDSWITH" MinCardinality="1" MaxCardinality="1"/>
         <CompOper Name="&lt;>" ToDo="2" Oper="&lt;>" MinCardinality="1" MaxCardinality="1"/>
         <CompOper Name="CONTAINS" ToDo="2" Oper="CONTAINS" MinCardinality="1" MaxCardinality="1"/>
         <CompOper Name="DOESNOTCONTAIN" ToDo="2" Oper="DOESNOTCONTAIN" MinCardinality="1" MaxCardinality="1"/>
         <CompOper Name="Dummy" ToDo="-2" Oper="Dummy" MinCardinality="1" MaxCardinality="1"/>
      </Attribute>
   </mds:insert>
   <mds:insert parent="UserEO" position="last">
      <Attribute Name="department__c" IsPersistent="false" Precision="1024" Scale="0" Expression="DEPARTMENT__C" Type="java.lang.String" ColumnType="VARCHAR2(255)" SQLType="VARCHAR" xmlns="http://xmlns.oracle.com/bc4j">
         <Properties>
            <Property Name="AttributeType" Value="Text"/>
            <Property Name="description_ResId" Value="${adfBundle['oracle.adf.businesseditor.model.util.BaseRuntimeResourceBundle']['persdef.sessiondef.oracle.iam.ui.runtime.form.model.user.entity.userEO.department__c_description']}"/>
            <Property Name="DISPLAYWIDTH" Value="80"/>
            <Property Name="ExtnCustom" Value="Y"/>
            <Property Name="LABEL_ResId" Value="${adfBundle['oracle.adf.businesseditor.model.util.BaseRuntimeResourceBundle']['oracle.iam.ui.common.model.user.entity.UserEO.department__c_LABEL']}"/>
            <Property Name="oimBulkUpdate" Value="Y"/>
            <Property Name="oimCertifiable" Value="Y"/>
            <Property Name="oimRefAttrName" Value="department"/>
         </Properties>
         <CompOper Name="=" ToDo="2" Oper="=" MinCardinality="1" MaxCardinality="1"/>
         <CompOper Name="STARTSWITH" ToDo="2" Oper="STARTSWITH" MinCardinality="1" MaxCardinality="1"/>
         <CompOper Name="ENDSWITH" ToDo="2" Oper="ENDSWITH" MinCardinality="1" MaxCardinality="1"/>
         <CompOper Name="&lt;>" ToDo="2" Oper="&lt;>" MinCardinality="1" MaxCardinality="1"/>
         <CompOper Name="CONTAINS" ToDo="2" Oper="CONTAINS" MinCardinality="1" MaxCardinality="1"/>
         <CompOper Name="DOESNOTCONTAIN" ToDo="2" Oper="DOESNOTCONTAIN" MinCardinality="1" MaxCardinality="1"/>
         <CompOper Name="Dummy" ToDo="-2" Oper="Dummy" MinCardinality="1" MaxCardinality="1"/>
      </Attribute>
   </mds:insert>
   <mds:insert parent="UserEO" position="last">
      <Attribute Name="ldapDN__c" IsPersistent="false" Precision="1024" Scale="0" Expression="LDAPDN__C" Type="java.lang.String" ColumnType="VARCHAR2(255)" SQLType="VARCHAR" xmlns="http://xmlns.oracle.com/bc4j">
         <Properties>
            <Property Name="AttributeType" Value="Text"/>
            <Property Name="description_ResId" Value="${adfBundle['oracle.adf.businesseditor.model.util.BaseRuntimeResourceBundle']['persdef.sessiondef.oracle.iam.ui.runtime.form.model.user.entity.userEO.ldapDN__c_description']}"/>
            <Property Name="DISPLAYWIDTH" Value="120"/>
            <Property Name="ExtnCustom" Value="Y"/>
            <Property Name="LABEL_ResId" Value="${adfBundle['oracle.adf.businesseditor.model.util.BaseRuntimeResourceBundle']['oracle.iam.ui.common.model.user.entity.UserEO.ldapDN__c_LABEL']}"/>
            <Property Name="oimBulkUpdate" Value="Y"/>
            <Property Name="oimCertifiable" Value="Y"/>
            <Property Name="oimRefAttrName" Value="ldapDN"/>
         </Properties>
         <CompOper Name="=" ToDo="2" Oper="=" MinCardinality="1" MaxCardinality="1"/>
         <CompOper Name="STARTSWITH" ToDo="2" Oper="STARTSWITH" MinCardinality="1" MaxCardinality="1"/>
         <CompOper Name="ENDSWITH" ToDo="2" Oper="ENDSWITH" MinCardinality="1" MaxCardinality="1"/>
         <CompOper Name="&lt;>" ToDo="2" Oper="&lt;>" MinCardinality="1" MaxCardinality="1"/>
         <CompOper Name="CONTAINS" ToDo="2" Oper="CONTAINS" MinCardinality="1" MaxCardinality="1"/>
         <CompOper Name="DOESNOTCONTAIN" ToDo="2" Oper="DOESNOTCONTAIN" MinCardinality="1" MaxCardinality="1"/>
         <CompOper Name="Dummy" ToDo="-2" Oper="Dummy" MinCardinality="1" MaxCardinality="1"/>
      </Attribute>
   </mds:insert>
   <mds:insert parent="UserEO" position="last">
      <Attribute Name="identifierGenerated__c" IsPersistent="false" Precision="1024" Scale="0" Expression="IDENTIFIERGENERATED__C" Type="java.lang.String" ColumnType="VARCHAR2(255)" SQLType="VARCHAR" xmlns="http://xmlns.oracle.com/bc4j">
         <Properties>
            <Property Name="AttributeType" Value="Text"/>
            <Property Name="description_ResId" Value="${adfBundle['oracle.adf.businesseditor.model.util.BaseRuntimeResourceBundle']['persdef.sessiondef.oracle.iam.ui.runtime.form.model.user.entity.userEO.identifierGenerated__c_description']}"/>
            <Property Name="DISPLAYWIDTH" Value="80"/>
            <Property Name="ExtnCustom" Value="Y"/>
            <Property Name="LABEL_ResId" Value="${adfBundle['oracle.adf.businesseditor.model.util.BaseRuntimeResourceBundle']['oracle.iam.ui.common.model.user.entity.UserEO.identifierGenerated__c_LABEL']}"/>
            <Property Name="oimBulkUpdate" Value="Y"/>
            <Property Name="oimCertifiable" Value="Y"/>
            <Property Name="oimRefAttrName" Value="identifierGenerated"/>
         </Properties>
         <CompOper Name="=" ToDo="2" Oper="=" MinCardinality="1" MaxCardinality="1"/>
         <CompOper Name="STARTSWITH" ToDo="2" Oper="STARTSWITH" MinCardinality="1" MaxCardinality="1"/>
         <CompOper Name="ENDSWITH" ToDo="2" Oper="ENDSWITH" MinCardinality="1" MaxCardinality="1"/>
         <CompOper Name="&lt;>" ToDo="2" Oper="&lt;>" MinCardinality="1" MaxCardinality="1"/>
         <CompOper Name="CONTAINS" ToDo="2" Oper="CONTAINS" MinCardinality="1" MaxCardinality="1"/>
         <CompOper Name="DOESNOTCONTAIN" ToDo="2" Oper="DOESNOTCONTAIN" MinCardinality="1" MaxCardinality="1"/>
         <CompOper Name="Dummy" ToDo="-2" Oper="Dummy" MinCardinality="1" MaxCardinality="1"/>
      </Attribute>
   </mds:insert>
   <mds:insert parent="UserEO" position="last">
      <Attribute Name="participant__c" IsPersistent="false" IsQueriable="false" Precision="20" Scale="0" Expression="PARTICIPANT__C" Type="java.lang.String" ColumnType="VARCHAR2(255)" SQLType="VARCHAR" xmlns="http://xmlns.oracle.com/bc4j">
         <Properties>
            <Property Name="AttributeType" Value="Text"/>
            <Property Name="description_ResId" Value="${adfBundle['oracle.adf.businesseditor.model.util.BaseRuntimeResourceBundle']['persdef.sessiondef.oracle.iam.ui.runtime.form.model.user.entity.userEO.participant__c_description']}"/>
            <Property Name="DISPLAYWIDTH" Value="20"/>
            <Property Name="ExtnCustom" Value="Y"/>
            <Property Name="LABEL_ResId" Value="${adfBundle['oracle.adf.businesseditor.model.util.BaseRuntimeResourceBundle']['oracle.iam.ui.common.model.user.entity.UserEO.participant__c_LABEL']}"/>
            <Property Name="LookupType" Value="bka.Lookup.USR.Participant"/>
            <Property Name="oimBulkUpdate" Value="Y"/>
            <Property Name="oimRefAttrName" Value="participant"/>
            <Property Name="searchablePicklist" Value="Y"/>
         </Properties>
         <CompOper Name="=" ToDo="2" Oper="=" MinCardinality="1" MaxCardinality="1"/>
         <CompOper Name="&lt;>" ToDo="2" Oper="&lt;>" MinCardinality="1" MaxCardinality="1"/>
         <CompOper Name="Dummy" ToDo="-2" Oper="Dummy" MinCardinality="1" MaxCardinality="1"/>
      </Attribute>
   </mds:insert>
   <mds:insert parent="UserEO" position="last">
      <Attribute Name="participant__c_Id__c" IsPersistent="false" Expression="PARTICIPANT__C_ID__C" Type="java.lang.String" ColumnType="VARCHAR2(255)" SQLType="VARCHAR" xmlns="http://xmlns.oracle.com/bc4j">
         <Properties>
            <Property Name="ATTR_INTERNAL_USE" Value="Y"/>
            <Property Name="DISPLAYHINT" Value="Hide"/>
            <Property Name="ExtnCustom" Value="Y"/>
            <Property Name="oimRefAttrName" Value="participant"/>
         </Properties>
      </Attribute>
   </mds:insert>
   <mds:insert parent="UserEO" position="last">
      <Attribute Name="organizationalUnit__c" IsPersistent="false" Precision="256" Scale="0" Expression="ORGNAME__C" Type="java.lang.String" ColumnType="VARCHAR2(255)" SQLType="VARCHAR" xmlns="http://xmlns.oracle.com/bc4j">
         <Properties>
            <Property Name="AttributeType" Value="Text"/>
            <Property Name="description_ResId" Value="${adfBundle['oracle.adf.businesseditor.model.util.BaseRuntimeResourceBundle']['persdef.sessiondef.oracle.iam.ui.runtime.form.model.user.entity.userEO.organizationalUnit__c_description']}"/>
            <Property Name="DISPLAYWIDTH" Value="40"/>
            <Property Name="ExtnCustom" Value="Y"/>
            <Property Name="LABEL_ResId" Value="${adfBundle['oracle.adf.businesseditor.model.util.BaseRuntimeResourceBundle']['oracle.iam.ui.common.model.user.entity.UserEO.organizationalUnit__c_LABEL']}"/>
            <Property Name="oimRefAttrName" Value="organizationalUnit"/>
            <Property Name="oimBulkUpdate" Value="Y"/>
            <Property Name="oimCertifiable" Value="Y"/>
         </Properties>
         <CompOper Name="=" ToDo="2" Oper="=" MinCardinality="1" MaxCardinality="1"/>
         <CompOper Name="STARTSWITH" ToDo="2" Oper="STARTSWITH" MinCardinality="1" MaxCardinality="1"/>
         <CompOper Name="ENDSWITH" ToDo="2" Oper="ENDSWITH" MinCardinality="1" MaxCardinality="1"/>
         <CompOper Name="&lt;>" ToDo="2" Oper="&lt;>" MinCardinality="1" MaxCardinality="1"/>
         <CompOper Name="CONTAINS" ToDo="2" Oper="CONTAINS" MinCardinality="1" MaxCardinality="1"/>
         <CompOper Name="DOESNOTCONTAIN" ToDo="2" Oper="DOESNOTCONTAIN" MinCardinality="1" MaxCardinality="1"/>
         <CompOper Name="Dummy" ToDo="-2" Oper="Dummy" MinCardinality="1" MaxCardinality="1"/>
      </Attribute>
   </mds:insert>
   <mds:insert parent="UserEO" position="last">
      <Attribute Name="anonymized__c" IsPersistent="false" Precision="64" Scale="0" Expression="ANONYMIZED__C" Type="java.lang.String" ColumnType="VARCHAR2(255)" SQLType="VARCHAR" xmlns="http://xmlns.oracle.com/bc4j">
         <Properties>
            <Property Name="AttributeType" Value="Text"/>
            <Property Name="description_ResId" Value="${adfBundle['oracle.adf.businesseditor.model.util.BaseRuntimeResourceBundle']['persdef.sessiondef.oracle.iam.ui.runtime.form.model.user.entity.userEO.anonymized__c_description']}"/>
            <Property Name="DISPLAYWIDTH" Value="40"/>
            <Property Name="ExtnCustom" Value="Y"/>
            <Property Name="LABEL_ResId" Value="${adfBundle['oracle.adf.businesseditor.model.util.BaseRuntimeResourceBundle']['oracle.iam.ui.common.model.user.entity.UserEO.anonymized__c_LABEL']}"/>
            <Property Name="oimBulkUpdate" Value="Y"/>
            <Property Name="oimCertifiable" Value="Y"/>
            <Property Name="oimRefAttrName" Value="anonymized"/>
         </Properties>
         <CompOper Name="=" ToDo="2" Oper="=" MinCardinality="1" MaxCardinality="1"/>
         <CompOper Name="STARTSWITH" ToDo="2" Oper="STARTSWITH" MinCardinality="1" MaxCardinality="1"/>
         <CompOper Name="ENDSWITH" ToDo="2" Oper="ENDSWITH" MinCardinality="1" MaxCardinality="1"/>
         <CompOper Name="&lt;>" ToDo="2" Oper="&lt;>" MinCardinality="1" MaxCardinality="1"/>
         <CompOper Name="CONTAINS" ToDo="2" Oper="CONTAINS" MinCardinality="1" MaxCardinality="1"/>
         <CompOper Name="DOESNOTCONTAIN" ToDo="2" Oper="DOESNOTCONTAIN" MinCardinality="1" MaxCardinality="1"/>
         <CompOper Name="Dummy" ToDo="-2" Oper="Dummy" MinCardinality="1" MaxCardinality="1"/>
      </Attribute>
   </mds:insert>
   <mds:insert parent="UserEO" position="last">
      <Attribute Name="jobrole__c" IsPersistent="false" Precision="128" Scale="0" Expression="JOBROLE__C" Type="java.lang.String" ColumnType="VARCHAR2(255)" SQLType="VARCHAR" xmlns="http://xmlns.oracle.com/bc4j">
         <Properties>
            <Property Name="AttributeType" Value="Text"/>
            <Property Name="DISPLAYWIDTH" Value="40"/>
            <Property Name="ExtnCustom" Value="Y"/>
            <Property Name="LABEL_ResId" Value="${adfBundle['oracle.adf.businesseditor.model.util.BaseRuntimeResourceBundle']['oracle.iam.ui.common.model.user.entity.UserEO.jobrole__c_LABEL']}"/>
            <Property Name="oimBulkUpdate" Value="Y"/>
            <Property Name="oimCertifiable" Value="Y"/>
            <Property Name="oimRefAttrName" Value="jobrole"/>
         </Properties>
         <CompOper Name="=" ToDo="2" Oper="=" MinCardinality="1" MaxCardinality="1"/>
         <CompOper Name="STARTSWITH" ToDo="2" Oper="STARTSWITH" MinCardinality="1" MaxCardinality="1"/>
         <CompOper Name="ENDSWITH" ToDo="2" Oper="ENDSWITH" MinCardinality="1" MaxCardinality="1"/>
         <CompOper Name="&lt;>" ToDo="2" Oper="&lt;>" MinCardinality="1" MaxCardinality="1"/>
         <CompOper Name="CONTAINS" ToDo="2" Oper="CONTAINS" MinCardinality="1" MaxCardinality="1"/>
         <CompOper Name="DOESNOTCONTAIN" ToDo="2" Oper="DOESNOTCONTAIN" MinCardinality="1" MaxCardinality="1"/>
         <CompOper Name="Dummy" ToDo="-2" Oper="Dummy" MinCardinality="1" MaxCardinality="1"/>
      </Attribute>
   </mds:insert>
   <mds:modify element="UserEO">
      <mds:attribute name="StaticDef" value="oracle.iam.ui.common.model.user.entity.UserEO"/>
      <mds:attribute name="MajorVersion" value="14"/>
      <mds:attribute name="MinorVersion" value="0"/>
      <mds:attribute name="EmptyDoc" value="false"/>
      <mds:attribute name="Version" value="12.2.1.9.14"/>
   </mds:modify>
</mds:customization>
