<sandbox_metadata xmlns='http://xmlns.oracle.com/mds/sandbox'  version='11.1.1.4.0' >
<user_metadata xmlns='http://xmlns.oracle.com/mds/sandbox' >
    <comments>IdM Long Running Sandbox</comments>
    <description>Workaround to extend length of attribute Generation Qualifier</description>
    <createdBy>xelsysadm</createdBy>
    <createdOn>1588066298587</createdOn>
    <lastModifiedBy>USR_1/XELSYSADM</lastModifiedBy>
    <lastModifiedOn>1588066349079</lastModifiedOn>
    <mainlineLabel>Creation_IdM_usr-entity-sysadmin_11:31:38</mainlineLabel>
    <mergedBy></mergedBy>
    <mergedOn></mergedOn>
    <postMergeLabel></postMergeLabel>
    <preMergeLabel></preMergeLabel>
    <preUndoLabel></preUndoLabel>
    <postUndoLabel></postUndoLabel>
    <undoneBy></undoneBy>
    <finalizedBy></finalizedBy>
    <name>IdM_usr-entity-sysadmin</name>
</user_metadata>
<custom_metadata xmlns='http://xmlns.oracle.com/mds/sandbox' >
</custom_metadata>
<system_metadata xmlns='http://xmlns.oracle.com/mds/sandbox' >
<listOfDocsInSandbox>
</listOfDocsInSandbox>
</system_metadata>
</sandbox_metadata>
