<Plugin name="IDPDiscoveryPlugin" type="Authentication">
<author>uid=npopli</author>
<email>nitin.popli@oracle.com</email>
<creationDate>11:45:20, 2022-11-11</creationDate>
<description>Custom User Authentication Plugin to discover IDP</description>
<configuration>
<AttributeValuePair>
<Attribute type="string" length="20">IDP_Name</Attribute>
<mandatory>true</mandatory>
<instanceOverride>false</instanceOverride>
<globalUIOverride>true</globalUIOverride>
<value>IDPX</value>
</AttributeValuePair>
</configuration>
</Plugin>