<?xml version="1.0" encoding="US-ASCII"?>
<libraries xmlns="http://www.oracle.com/schema/iam/library">
  <library id="oracle-hst-12c-security" name="Consulting Headstart 12c Security">
    <classpath>
      <item type="jar" path="hstSecurity" file="hst-security.jar"/>
    </classpath>
    <sourcepath>
      <item type="jar" path="hstSecurity" file="hst-security-src.jar"/>
    </sourcepath>
    <javadocpath>
      <item type="jar" path="hstSecurity" file="hst-security-doc.jar"/>
    </javadocpath>
  </library>
  <library id="oracle-hst-12c-foundation" name="Consulting Headstart 12c Foundation">
    <classpath>
      <item type="jar" path="hstFoundation" file="hst-foundation.jar"/>
    </classpath>
    <sourcepath>
      <item type="jar" path="hstFoundation" file="hst-foundation-src.jar"/>
    </sourcepath>
    <javadocpath>
      <item type="jar" path="hstFoundation" file="hst-foundation-doc.jar"/>
    </javadocpath>
  </library>
  <library id="oracle-hst-12c-deployment" name="Consulting Headstart 12c Deployment">
    <classpath>
      <item type="jar" path="hstDeployment" file="hst-deployment.jar"/>
    </classpath>
    <sourcepath>
      <item type="jar" path="hstDeployment" file="hst-deployment-src.jar"/>
    </sourcepath>
    <javadocpath>
      <item type="jar" path="hstDeployment" file="hst-deployment-doc.jar"/>
    </javadocpath>
  </library>
  <library id="oracle-hst-12c-faces" name="Consulting Headstart 12c Faces">
    <classpath>
      <item type="jar" path="hstFaces" file="hst-faces.jar"/>
    </classpath>
    <sourcepath>
      <item type="jar" path="hstFaces" file="hst-faces-src.jar"/>
    </sourcepath>
    <javadocpath>
      <item type="jar" path="hstFaces" file="hst-faces-doc.jar"/>
    </javadocpath>
  </library>
</libraries>