<?xml version="1.0" encoding="US-ASCII"?>
<libraries xmlns="http://www.oracle.com/schema/iam/library">
  <library id="platform-hst-12c-core" name="OCS Platform 12c Core">
    <classpath>
      <item type="jar" path="platformCore" file="ocs-hst-core.jar"/>
    </classpath>
    <sourcepath>
      <item type="jar" path="platformCore" file="ocs-hst-core-src.jar"/>
    </sourcepath>
    <javadocpath>
      <item type="jar" path="platformCore" file="ocs-hst-core-doc.jar"/>
    </javadocpath>
  </library>
  <library id="platform-hst-12c-jca" name="OCS Platform 12c Security">
    <classpath>
      <item type="jar" path="platformJps" file="ocs-hst-jca.jar"/>
    </classpath>
    <sourcepath>
      <item type="jar" path="platformJps" file="ocs-hst-jca-src.jar"/>
    </sourcepath>
    <javadocpath>
      <item type="jar" path="platformJps" file="ocs-hst-jca-doc.jar"/>
    </javadocpath>
  </library>
  <library id="platform-hst-12c-jpa" name="OCS Platform 12c Persistence">
    <classpath>
      <item type="jar" path="platformJpa" file="ocs-hst-jpa.jar"/>
    </classpath>
    <sourcepath>
      <item type="jar" path="platformJpa" file="ocs-hst-jpa-src.jar"/>
    </sourcepath>
    <javadocpath>
      <item type="jar" path="platformJpa" file="ocs-hst-jpa-doc.jar"/>
    </javadocpath>
  </library>
  <library id="platform-hst-12c-json" name="OCS Platform 12c Json">
    <classpath>
      <item type="jar" path="platformJpa" file="ocs-hst-json.jar"/>
    </classpath>
    <sourcepath>
      <item type="jar" path="platformJpa" file="ocs-hst-json-src.jar"/>
    </sourcepath>
    <javadocpath>
      <item type="jar" path="platformJpa" file="ocs-hst-json-doc.jar"/>
    </javadocpath>
  </library>
  <library id="platform-hst-12c-rest" name="OCS Platform 12c Rest">
    <classpath>
      <item type="jar" path="platformJpa" file="ocs-hst-rest.jar"/>
    </classpath>
    <sourcepath>
      <item type="jar" path="platformJpa" file="ocs-hst-rest-src.jar"/>
    </sourcepath>
    <javadocpath>
      <item type="jar" path="platformJpa" file="ocs-hst-rest-doc.jar"/>
    </javadocpath>
  </library>
  <library id="platform-hst-12c-rest" name="OCS Platform 12c Rest">
    <classpath>
      <item type="jar" path="platformJpa" file="ocs-hst-rest.jar"/>
    </classpath>
    <sourcepath>
      <item type="jar" path="platformJpa" file="ocs-hst-rest-src.jar"/>
    </sourcepath>
    <javadocpath>
      <item type="jar" path="platformJpa" file="ocs-hst-rest-doc.jar"/>
    </javadocpath>
  </library>
  <library id="platform-hst-12c-faces" name="OCS Platform 12c Faces">
    <classpath>
      <item type="jar" path="platformFaces" file="ocs-hst-faces.jar"/>
    </classpath>
    <sourcepath>
      <item type="jar" path="platformFaces" file="ocs-hst-faces-src.jar"/>
    </sourcepath>
    <javadocpath>
      <item type="jar" path="platformFaces" file="ocs-hst-faces-doc.jar"/>
    </javadocpath>
  </library>
</libraries>