<?xml version="1.0" encoding="US-ASCII"?>
<libraries xmlns="http://www.oracle.com/schema/iam/library">
  <library id="oracle-mds-12c-metadata" name="Platform Service 12c Metadata">
    <classpath>
      <item type="jar" path="CodeBaseMetadata" file="mdsrt.jar"      releaseAware="true"/>
      <item type="jar" path="CodeBaseMetadata" file="oramds.jar"     releaseAware="true"/>
      <item type="jar" path="CodeBaseMetadata" file="pageeditor.jar" releaseAware="true"/>
      <item type="jar" path="CodeBaseMetadata" file="rcv.jar"        releaseAware="true"/>
    </classpath>
    <sourcepath/>
    <javadocpath>
      <item type="url" file="https://docs.oracle.com/middleware/12213/adf/api-reference-mds"/>
    </javadocpath>
  </library>
</libraries>