<?xml version="1.0" encoding="US-ASCII"?>
<libraries xmlns="http://www.oracle.com/schema/iam/library">
  <library id="oracle-oam-12c-server" name="Access Manager 12c Server">
    <classpath>
      <item type="jar" path="CodeBaseServer" file="nap-api.jar"   releaseAware="true"/>
      <item type="jar" path="CodeBaseServer" file="nap-proxy.jar" releaseAware="true"/>
    </classpath>
    <sourcepath/>
    <javadocpath>
      <item type="url" file="https://docs.oracle.com/middleware/12213/oam/OAMDK"/>
      <item type="url" file="https://docs.oracle.com/middleware/12213/oam/MPPIF"/>
    </javadocpath>
  </library>
  <library id="oracle-oam-12c-management" name="Access Manager 12c Management">
    <classpath>
      <item type="jar" path="CodeBaseServer" file="configmgmt.jar" releaseAware="true"/>
    </classpath>
    <sourcepath/>
    <javadocpath/>
  </library>
  <library id="oracle-oam-12c-plugin" name="Access Manager 12c Plugin">
    <classpath>
      <item type="jar" path="CodeBasePlugin" file="felix.jar"             releaseAware="true"/>
      <item type="jar" path="CodeBasePlugin" file="oam-plugin.jar"        releaseAware="true"/>
      <item type="jar" path="CodeBasePlugin" file="identity-provider.jar" releaseAware="true"/>
      <item type="jar" path="CodeBasePlugin" file="utilities.jar"         releaseAware="true"/>
    </classpath>
    <sourcepath/>
    <javadocpath>
      <item type="url" file="https://docs.oracle.com/middleware/12213/oam/OAMEX"/>
      <item type="url" file="https://docs.oracle.com/middleware/12213/oam/MPPIF"/>
      <item type="url" file="https://docs.oracle.com/middleware/12213/oam/IFUPJ"/>
      <item type="url" file="https://docs.oracle.com/middleware/12213/igf/IGFID"/>
      <item type="url" file="https://docs.oracle.com/middleware/12213/igf/IGFIR"/>
      <item type="url" file="https://docs.oracle.com/middleware/12213/igf/IGFUR"/>
    </javadocpath>
  </library>
  <library id="oracle-oam-12c-management" name="Access Manager 12c Management">
    <classpath>
      <item type="jar" path="CodeBaseServer" file="rreg.jar"            releaseAware="true"/>
      <item type="jar" path="CodeBaseServer" file="config.jar"          releaseAware="true"/>
      <item type="jar" path="CodeBaseServer" file="utilities.jar"       releaseAware="true"/>
      <item type="jar" path="CodeBaseServer" file="configmgmt.jar"      releaseAware="true"/>
      <item type="jar" path="CodeBaseServer" file="RequestResponse.jar" releaseAware="true"/>
    </classpath>
    <sourcepath/>
    <javadocpath>
      <item type="url" file="https://docs.oracle.com/middleware/12213/oam/MPPIF"/>
    </javadocpath>
  </library>
  <library id="oracle-oam-12c-agent" name="Access Manager 12c Agent">
    <classpath>
      <item type="jar" path="CodeBaseClient" file="oamasdk-api.jar" releaseAware="true"/>
    </classpath>
    <sourcepath/>
    <javadocpath>
      <item type="url" file="https://docs.oracle.com/middleware/12213/oam/OAMDK"/>
    </javadocpath>
  </library>
  <library id="oracle-oam-12c-foundation" name="Access Manager 12c Foundation">
    <classpath>
      <item type="jar" path="oamFoundation" file="ocs-foundation.jar"/>
    </classpath>
    <sourcepath>
      <item type="jar" path="oamFoundation" file="ocs-foundation-src.jar"/>
    </sourcepath>
    <javadocpath>
      <item type="jar" path="oamFoundation" file="ocs-foundation-doc.jar"/>
    </javadocpath>
  </library>
</libraries>