<?xml version="1.0" encoding="US-ASCII"?>
<libraries xmlns="http://www.oracle.com/schema/iam/library">
  <library id="oracle-oim-12c-platform" name="Identity Manager 12c Platform">
    <classpath>
      <item type="jar" path="CodeBasePlatform" file="iam-platform-utils.jar"              releaseAware="true"/>
      <item type="jar" path="CodeBasePlatform" file="iam-platform-kernel.jar"             releaseAware="true"/>
      <item type="jar" path="CodeBasePlatform" file="iam-platform-context.jar"            releaseAware="true"/>
      <item type="jar" path="CodeBasePlatform" file="iam-platform-auth-client.jar"        releaseAware="true"/>
      <item type="jar" path="CodeBasePlatform" file="iam-platform-authopss-service.jar"   releaseAware="true"/>
      <item type="jar" path="CodeBasePlatform" file="iam-platform-pluginframework.jar"    releaseAware="true"/>
      <item type="jar" path="CodeBasePlatform" file="iam-platform-workflowservice.jar"    releaseAware="true"/>
      <item type="jar" path="CodeBasePlatform" file="iam-platform-entitymgr.jar"          releaseAware="true"/>
      <item type="jar" path="CodeBasePlatform" file="OIMServer.jar"                       releaseAware="true"/>
    </classpath>
    <sourcepath/>
    <javadocpath>
      <item type="url" file="https://docs.oracle.com/middleware/12213/oig/OMJAV"/>
    </javadocpath>
  </library>
  <library id="oracle-oim-12c-adapter" name="Identity Manager 12c Adapter">
    <classpath>
      <item type="jar" path="CodeBaseServer"   file="xlLogger.jar"                        releaseAware="true"/>
      <item type="jar" path="CodeBaseServer"   file="xlUtils.jar"                         releaseAware="true"/>
      <item type="jar" path="CodeBaseServer"   file="xlAdapterUtilities.jar"              releaseAware="true"/>
      <item type="jar" path="CodeBaseServer"   file="xlAPI.jar"                           releaseAware="true"/>
      <item type="jar" path="CodeBaseServer"   file="xlVO.jar"                            releaseAware="true"/>
      <item type="jar" path="CodeBaseServer"   file="xlGenConnector.jar"                  releaseAware="true"/>
      <item type="jar" path="CodeBaseServer"   file="xlDataObjects.jar"                   releaseAware="true"/>
      <item type="jar" path="CodeBaseServer"   file="xlRemoteManager.jar"                 releaseAware="true"/>
      <item type="jar" path="CodeBaseServer"   file="xlCache.jar"                         releaseAware="true"/>
      <item type="jar" path="CodeBaseServer"   file="xlAuditor.jar"                       releaseAware="true"/>
    </classpath>
    <sourcepath/>
    <javadocpath>
      <item type="url" file="https://docs.oracle.com/middleware/12213/oig/OMJAV"/>
    </javadocpath>
  </library>
  <library id="oracle-oim-12c-scheduler" name="Identity Manager 12c Scheduler">
    <classpath>
      <item type="jar" path="CodeBaseServer"   file="xlScheduler.jar"                     releaseAware="true"/>
    </classpath>
    <sourcepath/>
    <javadocpath>
      <item type="url" file="https://docs.oracle.com/middleware/12213/oig/OMJAV"/>
    </javadocpath>
  </library>
  <library id="oracle-oim-12c-client" name="Identity Manager 12c Client">
    <classpath>
      <item type="jar" path="CodeBaseClient"   file="jrf-api.jar"                         releaseAware="true"/>
      <item type="jar" path="CodeBaseClient"   file="oimclient.jar"                       releaseAware="true"/>
      <item type="jar" path="CodeBaseClient"   file="iam-platform-auth-client.jar"        releaseAware="true"/>
      <item type="jar" path="CodeBaseClient"   file="iam-platform-context.jar"            releaseAware="true"/>
      <item type="jar" path="CodeBaseClient"   file="iam-platform-pluginframework.jar"    releaseAware="true"/>
      <item type="jar" path="CodeBaseClient"   file="iam-platform-utils.jar"              releaseAware="true"/>
      <item type="jar" path="CodeBaseClient"   file="spring.jar"                          releaseAware="true"/>
      <item type="jar" path="CodeBaseClient"   file="commons-logging.jar"                 releaseAware="true"/>
    </classpath>
    <sourcepath/>
    <javadocpath>
      <item type="url" file="https://docs.oracle.com/middleware/12213/oig/OMJAV"/>
    </javadocpath>
  </library>
  <library id="oracle-oim-12c-model" name="Identity Manager 12c Model">
    <classpath>
      <item type="jar" path="CodeBaseClient" file="adflibCommonModel.jar"                 releaseAware="true"/>
      <item type="jar" path="CodeBaseClient" file="adflibPlatformModel.jar"               releaseAware="true"/>
      <item type="jar" path="CodeBaseClient" file="adflibUserProfileModel.jar"            releaseAware="true"/>
      <item type="jar" path="CodeBaseClient" file="adflibUserRolesModel.jar"              releaseAware="true"/>
      <item type="jar" path="CodeBaseClient" file="adflibUnauthenticatedModel.jar"        releaseAware="true"/>
      <item type="jar" path="CodeBaseClient" file="adflibAuthenticatedServicesModel.jar"  releaseAware="true"/>
      <item type="jar" path="CodeBaseClient" file="adflibHomepageModel.jar"               releaseAware="true"/>
      <item type="jar" path="CodeBaseClient" file="adflibRoleCategoryModel.jar"           releaseAware="true"/>
      <item type="jar" path="CodeBaseClient" file="adflibRoleModel.jar"                   releaseAware="true"/>
      <item type="jar" path="CodeBaseClient" file="adflibCatalogModel.jar"                releaseAware="true"/>
      <item type="jar" path="CodeBaseClient" file="adflibOrganizationModel.jar"           releaseAware="true"/>
      <item type="jar" path="CodeBaseClient" file="adflibAttributeTesterModel.jar"        releaseAware="true"/>
      <item type="jar" path="CodeBaseClient" file="adflibAppInstanceModel.jar"            releaseAware="true"/>
      <item type="jar" path="CodeBaseClient" file="adflibAuthorizationModel.jar"          releaseAware="true"/>
      <item type="jar" path="CodeBaseClient" file="adflibCertificationModel.jar"          releaseAware="true"/>
      <item type="jar" path="CodeBaseClient" file="adflibConnectorServerModel.jar"        releaseAware="true"/>
      <item type="jar" path="CodeBaseClient" file="adflibIdentityAuditModel.jar"          releaseAware="true"/>
      <item type="jar" path="CodeBaseClient" file="adflibManageUsersModel.jar"            releaseAware="true"/>
      <item type="jar" path="CodeBaseClient" file="adflibApplicationModel.jar"            releaseAware="true"/>
      <item type="jar" path="CodeBaseClient" file="adflibPasswordMgmtModel.jar"           releaseAware="true"/>
      <item type="jar" path="CodeBaseClient" file="adflibPasswordPoliciesModel.jar"       releaseAware="true"/>
      <item type="jar" path="CodeBaseClient" file="adflibPendingApprovalsModel.jar"       releaseAware="true"/>
      <item type="jar" path="CodeBaseClient" file="adflibPendingAttestationModel.jar"     releaseAware="true"/>
      <item type="jar" path="CodeBaseClient" file="adflibWorkflowPoliciesModel.jar"       releaseAware="true"/>
      <item type="jar" path="CodeBaseClient" file="adflibCustomizationExtensionModel.jar" releaseAware="true"/>
      <item type="jar" path="CodeBaseClient" file="adflibTaskDetailsModel.jar"            releaseAware="true"/>
    </classpath>
    <sourcepath/>
    <javadocpath>
      <item type="url" file="http://docs.oracle.com/cd/E40329_01/apirefs.1112/e28159"/>
    </javadocpath>
  </library>
  <library id="oracle-oim-12c-view" name="Identity Manager 12c View">
    <classpath>
      <item type="jar" path="CodeBaseClient" file="adflibPlatformUI.jar"                  releaseAware="true"/>
      <item type="jar" path="CodeBaseClient" file="adflibUserProfileUI.jar"               releaseAware="true"/>
      <item type="jar" path="CodeBaseClient" file="adflibUserRolesUI.jar"                 releaseAware="true"/>
      <item type="jar" path="CodeBaseClient" file="adflibCatalogUI.jar"                   releaseAware="true"/>
      <item type="jar" path="CodeBaseClient" file="adflibUnauthenticatedUI.jar"           releaseAware="true"/>
      <item type="jar" path="CodeBaseClient" file="adflibAuthenticatedServicesUI.jar"     releaseAware="true"/>
      <item type="jar" path="CodeBaseClient" file="adflibHomepageUI.jar"                  releaseAware="true"/>
      <item type="jar" path="CodeBaseClient" file="adflibAppInstanceUI.jar"               releaseAware="true"/>
      <item type="jar" path="CodeBaseClient" file="adflibApplicationUI.jar"               releaseAware="true"/>
      <item type="jar" path="CodeBaseClient" file="adflibApprovalDetailsUI.jar"           releaseAware="true"/>
      <item type="jar" path="CodeBaseClient" file="adflibAuthorizationUI.jar"             releaseAware="true"/>
      <item type="jar" path="CodeBaseClient" file="adflibCertificationUI.jar"             releaseAware="true"/>
      <item type="jar" path="CodeBaseClient" file="adflibCommonUI.jar"                    releaseAware="true"/>
      <item type="jar" path="CodeBaseClient" file="adflibConnectorServerUI.jar"           releaseAware="true"/>
      <item type="jar" path="CodeBaseClient" file="adflibFormServiceUI.jar"               releaseAware="true"/>
      <item type="jar" path="CodeBaseClient" file="adflibIdentityAuditUI.jar"             releaseAware="true"/>
      <item type="jar" path="CodeBaseClient" file="adflibManageUsersUI.jar"               releaseAware="true"/>
      <item type="jar" path="CodeBaseClient" file="adflibOrganizationUI.jar"              releaseAware="true"/>
      <item type="jar" path="CodeBaseClient" file="adflibPasswordMgmtUI.jar"              releaseAware="true"/>
      <item type="jar" path="CodeBaseClient" file="adflibPasswordPoliciesUI.jar"          releaseAware="true"/>
      <item type="jar" path="CodeBaseClient" file="adflibPendingApprovalsUI.jar"          releaseAware="true"/>
      <item type="jar" path="CodeBaseClient" file="adflibPendingAttesttationUI.jar"       releaseAware="true"/>
      <item type="jar" path="CodeBaseClient" file="adflibPolicyBuilderUI.jar"             releaseAware="true"/>
      <item type="jar" path="CodeBaseClient" file="adflibProvTaskFormUI.jar"              releaseAware="true"/>
      <item type="jar" path="CodeBaseClient" file="adflibRoleCategoryUI.jar"              releaseAware="true"/>
      <item type="jar" path="CodeBaseClient" file="adflibRoleUI.jar"                      releaseAware="true"/>
      <item type="jar" path="CodeBaseClient" file="adflibRuleBuilderUI.jar"               releaseAware="true"/>
      <item type="jar" path="CodeBaseClient" file="adflibTaskDetailsUI.jar"               releaseAware="true"/>
      <item type="jar" path="CodeBaseClient" file="adflibUIComponents1.jar"               releaseAware="true"/>
      <item type="jar" path="CodeBaseClient" file="adflibWorkflowPoliciesUI.jar"          releaseAware="true"/>
      <item type="jar" path="CodeBaseClient" file="adflibWrapperTaskflows.jar"            releaseAware="true"/>
    </classpath>
    <sourcepath/>
    <javadocpath>
      <item type="url" file="http://docs.oracle.com/cd/E40329_01/apirefs.1112/e28159"/>
    </javadocpath>
  </library>
  <library id="oracle-oim-12c-deployment" name="Identity Manager 12c Deployment">
    <classpath>
      <item type="jar" path="CodeBaseClient" file="xlDDM.jar" releaseAware="true"/>
    </classpath>
    <sourcepath/>
    <javadocpath>
      <item type="url" file="http://docs.oracle.com/cd/E40329_01/apirefs.1112/e28159"/>
    </javadocpath>
  </library>
  <library id="oracle-oim-12c-foundation" name="Identity Manager 12c Foundation">
    <classpath>
      <item type="jar" path="oimFoundation" file="ocs-foundation.jar" releaseAware="false"/>
    </classpath>
    <sourcepath>
      <item type="jar" path="oimFoundation" file="ocs-foundation-src.jar" releaseAware="false"/>
    </sourcepath>
    <javadocpath>
      <item type="jar" path="oimFoundation" file="ocs-foundation-doc.jar" releaseAware="false"/>
    </javadocpath>
  </library>
  <library id="oracle-oim-12c-utility" name="Identity Manager 12c Utility">
    <classpath>
      <item type="jar" path="oimUtility" file="ocs-utility.jar" releaseAware="false"/>
    </classpath>
    <sourcepath>
      <item type="jar" path="oimUtility" file="ocs-utility-src.jar" releaseAware="false"/>
    </sourcepath>
    <javadocpath>
      <item type="jar" path="oimUtility" file="ocs-utility-doc.jar" releaseAware="false"/>
    </javadocpath>
  </library>
  <library id="oracle-oim-12c-adapter-foundation" name="Identity Manager 12c Adapter Foundation">
    <classpath>
      <item type="jar" path="oimAdapter" file="ocs-adapter.jar" releaseAware="false"/>
    </classpath>
    <sourcepath>
      <item type="jar" path="oimAdapter" file="ocs-adapter-src.jar" releaseAware="false"/>
    </sourcepath>
    <javadocpath>
      <item type="jar" path="oimAdapter" file="ocs-adapter-doc.jar" releaseAware="false"/>
    </javadocpath>
  </library>
  <library id="sun-jndi-booster-12c" name="Sun JNDI Booster 12c">
    <classpath>
      <item type="jar" path="CodeBaseTarget" file="ldapbp.jar" releaseAware="false"/>
    </classpath>
    <sourcepath/>
    <javadocpath>
      <item type="jar" path="CodeBaseTarget" file="ldapbp-doc.jar" releaseAware="false"/>
    </javadocpath>
  </library>
  <library id="oracle-oim-12c-active-directory" name="Identity Connector 12c Active Directory">
    <classpath>
      <item type="jar" path="CodeBaseTarget" file="xliActiveDirectory.jar" releaseAware="false"/>
      <item type="jar" path="CodeBaseTarget" file="xliADRecon.jar"         releaseAware="false"/>
    </classpath>
    <sourcepath/>
    <javadocpath/>
  </library>
  <library id="sap-jco-runtime-12c" name="SAP JCO Runtime 12c">
    <classpath>
      <item type="jar" path="CodeBaseTarget" file="sapjco3.jar"/>
    </classpath>
    <sourcepath/>
    <javadocpath>
      <item type="dir" path="CodeBaseTarget" file="sap/doc/sapjco3/javadoc"/>
    </javadocpath>
  </library>
  <library id="sap-idoc-runtime-12c" name="SAP iDoc Runtime 12c">
    <classpath>
      <item type="jar" path="CodeBaseTarget" file="sapidoc3.jar"/>
    </classpath>
    <sourcepath/>
    <javadocpath>
      <item type="dir" path="CodeBaseTarget" file="sap/doc/sapidoc3/javadoc"/>
    </javadocpath>
  </library>
</libraries>