<?xml version="1.0" encoding="US-ASCII"?>
<libraries xmlns="http://www.oracle.com/schema/iam/library">
  <library id="oracle-jps-12c-common" name="Platform Service 12c Security">
    <classpath>
      <item type="jar" path="CodeBaseSecurity" file="jps-se.jar"       releaseAware="true"/>
      <item type="jar" path="CodeBaseSecurity" file="jps-api.jar"      releaseAware="true"/>
      <item type="jar" path="CodeBaseSecurity" file="jps-common.jar"   releaseAware="true"/>
      <item type="jar" path="CodeBaseSecurity" file="jps-internal.jar" releaseAware="true"/>
      <item type="jar" path="CodeBaseSecurity" file="jps-mbeans.jar"   releaseAware="true"/>
    </classpath>
    <sourcepath/>
    <javadocpath>
      <item type="url" file="https://docs.oracle.com/en/middleware/fusion-middleware/platform-security/12.2.1.4/mjpss"/>
      <item type="url" file="https://docs.oracle.com/en/middleware/fusion-middleware/platform-security/12.2.1.4/japss"/>
    </javadocpath>
  </library>
  <library id="oracle-jps-12c-identity" name="Platform Service 12c Identity">
    <classpath>
      <item type="jar" path="CodeBaseSecurity" file="identitystore.jar" releaseAware="true"/>
      <item type="jar" path="CodeBaseSecurity" file="osdt_xmlsec.jar"   releaseAware="true"/>
      <item type="jar" path="CodeBaseSecurity" file="oraclepki.jar"     releaseAware="true"/>
    </classpath>
    <sourcepath/>
    <javadocpath>
      <item type="url" file="https://docs.oracle.com/en/middleware/fusion-middleware/security-toolkit/12.2.1.4/sdtpj"/>
    </javadocpath>
  </library>
</libraries>