<?xml version="1.0" encoding="US-ASCII"?>
<libraries xmlns="http://www.oracle.com/schema/iam/library">
  <library id="oracle-oud-12c-platform" name="Unified Directory 12c Platform">
    <classpath>
      <item type="jar" path="CodeBaseServer" file="oud.jar"     releaseAware="true"/>
    </classpath>
    <sourcepath/>
    <javadocpath>
      <item type="url" file="https://docs.oracle.com/en/middleware/idm/unified-directory/12.2.1.4/oudjd"/>
    </javadocpath>
  </library>
  <library id="oracle-oud-12c-developer" name="Unified Directory 12c Developer">
    <classpath>
      <item type="jar" path="CodeBaseServer" file="oud-sdk.jar" releaseAware="true"/>
    </classpath>
    <sourcepath/>
    <javadocpath>
      <item type="url" file="https://docs.oracle.com/en/middleware/idm/unified-directory/12.2.1.4/oudjd"/>
    </javadocpath>
  </library>
</libraries>