<?xml version='1.0' encoding='UTF-8'?>
<sandbox_metadata xmlns="http://xmlns.oracle.com/mds/sandbox" version="11.1.1.4.0">
  <user_metadata xmlns="http://xmlns.oracle.com/mds/sandbox">
    <comments>IdM Long Running Sandbox</comments>
    <description>User Interface Customization's along with the openfire XMPP Server Account request and administration task flows.</description>
    <createdBy>xelsysadm</createdBy>
    <createdOn>1725443537082</createdOn>
    <lastModifiedBy>mdsInternal</lastModifiedBy>
    <lastModifiedOn>1725443537082</lastModifiedOn>
    <mainlineLabel>Creation_IdM_ofs-nw-account-sysadmin_11:52:17</mainlineLabel>
    <mergedBy/>
    <mergedOn/>
    <postMergeLabel/>
    <preMergeLabel/>
    <preUndoLabel/>
    <postUndoLabel/>
    <undoneBy/>
    <finalizedBy/>
    <name>IdM_ofs-nw-account-sysadmin</name>
  </user_metadata>
  <custom_metadata xmlns="http://xmlns.oracle.com/mds/sandbox"/>
  <system_metadata xmlns="http://xmlns.oracle.com/mds/sandbox">
    <listOfDocsInSandbox/>
  </system_metadata>
</sandbox_metadata>