<?xml version='1.0' encoding='UTF-8'?>
<mds:customization version="12.2.1_20170820.0914" xmlns:mds="http://xmlns.oracle.com/mds" motype_local_name="root" motype_nsuri="http://java.sun.com/JSP/Page">
   <mds:replace node="s7"/>
   <mds:move node="soc1" after="soc2" parent="pfl1" reparentedUnderInsert="false"/>
   <mds:modify element="pfl1">
      <mds:attribute name="labelWidth" value="315"/>
   </mds:modify>
   <mds:modify element="pfl3">
      <mds:attribute name="labelWidth" value="300"/>
   </mds:modify>
   <mds:modify element="certifierUserId">
      <mds:attribute name="columns" value="40"/>
   </mds:modify>
   <mds:modify element="passwordPolicyId">
      <mds:attribute name="columns" value="40"/>
   </mds:modify>
</mds:customization>
