<?xml version='1.0' encoding='UTF-8'?>
<mds:customization version="12.2.1_20170820.0914" xmlns:mds="http://xmlns.oracle.com/mds" motype_local_name="root" motype_nsuri="http://java.sun.com/JSP/Page">
   <mds:move node="plam27" parent="pfl1" position="last" reparentedUnderInsert="false"/>
   <mds:move node="plam6" parent="pfl1" position="last" reparentedUnderInsert="false"/>
   <mds:move node="plam46" parent="pfl2" position="last" reparentedUnderInsert="false"/>
   <mds:move node="plam47" parent="pfl2" position="last" reparentedUnderInsert="false"/>
   <mds:replace node="sdh3"/>
   <mds:replace node="s18"/>
   <mds:move node="plam35" after="plam23" parent="pfl4" reparentedUnderInsert="false"/>
   <mds:move node="plam15" after="plam19" parent="pfl4" reparentedUnderInsert="false"/>
   <mds:move node="plam14" parent="pfl4" position="last" reparentedUnderInsert="false"/>
   <mds:move node="plam9" after="plam35" parent="pfl4" reparentedUnderInsert="false"/>
   <mds:move node="plam12" after="plam35" parent="pfl4" reparentedUnderInsert="false"/>
   <mds:move node="plam10" after="plam35" parent="pfl4" reparentedUnderInsert="false"/>
   <mds:move node="plam13" after="plam35" parent="pfl4" reparentedUnderInsert="false"/>
   <mds:move node="plam18" after="plam35" parent="pfl4" reparentedUnderInsert="false"/>
   <mds:insert parent="sdh6" position="last">
      <af:panelFormLayout xmlns:af="http://xmlns.oracle.com/adf/faces/rich" id="e982745788" rows="2" maxColumns="1" labelWidth="180">
         <af:panelLabelAndMessage xmlns:af="http://xmlns.oracle.com/adf/faces/rich" label="#{adfBundle['bka.iam.identity.resource.ConsoleBundle'].USR_PARTICIPANT_LABEL}" id="dtrt_dc_8859792717">
            <af:outputText xmlns:af="http://xmlns.oracle.com/adf/faces/rich" value="#{bindings.participant__c.inputValue}" shortDesc="#{adfBundle['bka.iam.identity.resource.ConsoleBundle'].USR_PARTICIPANT_HINT}"/>
         </af:panelLabelAndMessage>
         <af:panelLabelAndMessage xmlns:af="http://xmlns.oracle.com/adf/faces/rich" label="#{adfBundle['bka.iam.identity.resource.ConsoleBundle'].USR_GENERATED_LABEL}" id="dtrt_dc_4189475831">
            <af:outputText xmlns:af="http://xmlns.oracle.com/adf/faces/rich" value="#{bindings.identifierGenerated__c.inputValue}" shortDesc="#{adfBundle['bka.iam.identity.resource.ConsoleBundle'].USR_GENERATED_HINT}"/>
         </af:panelLabelAndMessage>
         <af:panelLabelAndMessage xmlns:af="http://xmlns.oracle.com/adf/faces/rich" label="#{adfBundle['bka.iam.identity.resource.ConsoleBundle'].USR_QUALIFIED_LABEL}" id="dtrt_dc_15411832">
            <af:outputText xmlns:af="http://xmlns.oracle.com/adf/faces/rich" value="#{bindings.ldapDN__c.inputValue}" shortDesc="#{adfBundle['bka.iam.identity.resource.ConsoleBundle'].USR_QUALIFIED_HINT}"/>
         </af:panelLabelAndMessage>
      </af:panelFormLayout>
   </mds:insert>
   <mds:move node="plam6" parent="pfl1" position="last" reparentedUnderInsert="false"/>
   <mds:move node="plam6" parent="pfl1" position="last" reparentedUnderInsert="false"/>
   <mds:move node="plam33" after="plam31" parent="pfl6" reparentedUnderInsert="false"/>
   <mds:move node="plam6" after="plam18" parent="pfl4" reparentedUnderInsert="false"/>
   <mds:move node="plam1" parent="pfl1" position="first" reparentedUnderInsert="false"/>
   <mds:move node="plam7" after="plam1" parent="pfl1" reparentedUnderInsert="false"/>
   <mds:move node="plam21" after="plam17" parent="pfl1" reparentedUnderInsert="false"/>
   <mds:move node="plam27" after="plam21" parent="pfl1" reparentedUnderInsert="false"/>
   <mds:move node="plam34" after="plam27" parent="pfl1" reparentedUnderInsert="false"/>
   <mds:move node="plam2" after="plam34" parent="pfl1" reparentedUnderInsert="false"/>
   <mds:move node="plam11" after="plam2" parent="pfl1" reparentedUnderInsert="false"/>
   <mds:insert parent="pfl1" position="last">
      <af:panelLabelAndMessage xmlns:af="http://xmlns.oracle.com/adf/faces/rich" label="#{adfBundle['bka.iam.identity.resource.ConsoleBundle'].USR_ORGANIZATION_LABEL}" id="dtrt_dc_7924192806">
         <af:outputText xmlns:af="http://xmlns.oracle.com/adf/faces/rich" value="#{bindings.organizationalUnit__c.inputValue}" shortDesc="#{adfBundle['bka.iam.identity.resource.ConsoleBundle'].USR_ORGANIZATION_HINT}"/>
      </af:panelLabelAndMessage>
   </mds:insert>
   <mds:insert parent="pfl1" position="last">
      <af:panelLabelAndMessage xmlns:af="http://xmlns.oracle.com/adf/faces/rich" label="#{adfBundle['bka.iam.identity.resource.ConsoleBundle'].USR_DIVISION_LABEL}" id="dtrt_dc_7050631632">
         <af:outputText xmlns:af="http://xmlns.oracle.com/adf/faces/rich" value="#{bindings.division__c.inputValue}" shortDesc="#{adfBundle['bka.iam.identity.resource.ConsoleBundle'].USR_DIVISION_HINT}"/>
      </af:panelLabelAndMessage>
   </mds:insert>
   <mds:insert parent="pfl1" position="last">
      <af:panelLabelAndMessage xmlns:af="http://xmlns.oracle.com/adf/faces/rich" label="#{adfBundle['bka.iam.identity.resource.ConsoleBundle'].USR_DEPARTMENT_LABEL}" id="dtrt_dc_5974754115">
         <af:outputText xmlns:af="http://xmlns.oracle.com/adf/faces/rich" value="#{bindings.department__c.inputValue}" shortDesc="#{adfBundle['bka.iam.identity.resource.ConsoleBundle'].USR_DEPARTMENT_HINT}"/>
      </af:panelLabelAndMessage>
   </mds:insert>
   <mds:move node="plam36" after="plam27" parent="pfl1" reparentedUnderInsert="false"/>
   <mds:modify element="pfl2">
      <mds:attribute name="labelWidth" value="180"/>
      <mds:attribute name="rows" value="2"/>
      <mds:attribute name="maxColumns" value="2"/>
      <mds:attribute name="fieldWidth" value="235"/>
   </mds:modify>
   <mds:modify element="pfl6">
      <mds:attribute name="rows" value="3"/>
      <mds:attribute name="maxColumns" value="2"/>
      <mds:attribute name="fieldWidth" value="220"/>
   </mds:modify>
   <mds:modify element="plam36">
      <mds:attribute name="label" value="#{adfBundle['bka.iam.identity.resource.ConsoleBundle'].USR_GENERATION_LABEL}"/>
   </mds:modify>
   <mds:modify element="pfl4">
      <mds:attribute name="rows" value="7"/>
      <mds:attribute name="fieldWidth" value="218"/>
   </mds:modify>
   <mds:modify element="pfl1">
      <mds:attribute name="rows" value="9"/>
   </mds:modify>
</mds:customization>
