<sandbox_metadata xmlns='http://xmlns.oracle.com/mds/sandbox'  version='11.1.1.4.0' >
<user_metadata xmlns='http://xmlns.oracle.com/mds/sandbox' >
    <comments>IdM Long Running Sandbox</comments>
    <description>User Interface Customization&apos;s along with the special eFBS Account request task flow.</description>
    <createdBy>xelsysadm</createdBy>
    <createdOn>1590904350760</createdOn>
    <lastModifiedBy>mdsInternal</lastModifiedBy>
    <lastModifiedOn>1590904350830</lastModifiedOn>
    <mainlineLabel>Creation_Imported_07:52:30</mainlineLabel>
    <mergedBy></mergedBy>
    <mergedOn></mergedOn>
    <postMergeLabel></postMergeLabel>
    <preMergeLabel></preMergeLabel>
    <preUndoLabel></preUndoLabel>
    <postUndoLabel></postUndoLabel>
    <undoneBy></undoneBy>
    <finalizedBy></finalizedBy>
    <name>IdM_efbs-account-request</name>
</user_metadata>
<custom_metadata xmlns='http://xmlns.oracle.com/mds/sandbox' >
</custom_metadata>
<system_metadata xmlns='http://xmlns.oracle.com/mds/sandbox' >
<listOfDocsInSandbox>
</listOfDocsInSandbox>
</system_metadata>
</sandbox_metadata>
