<?xml version='1.0' encoding='UTF-8'?>
<mds:customization version="12.2.1_20170820.0914" xmlns:mds="http://xmlns.oracle.com/mds" motype_local_name="Definitions" motype_nsuri="http://xmlns.oracle.com/adfmcatalog">
  <mds:insert parent="(xmlns(mds_ns1=http://xmlns.oracle.com/adfmcatalog))/mds_ns1:Definitions" position="last">
    <ViewObject fullName="sessiondef.oracle.iam.ui.runtime.form.model.IDSRequest.view.IDSRequestVO" publishToBusinessEditor="true" xmlns="http://xmlns.oracle.com/adfmcatalog"/>
  </mds:insert>
  <mds:insert parent="(xmlns(mds_ns1=http://xmlns.oracle.com/adfmcatalog))/mds_ns1:Definitions" position="last">
    <ViewObject fullName="sessiondef.oracle.iam.ui.runtime.form.model.IDSRequest.view.IDSRequestUD_IDS_GRPVO" publishToBusinessEditor="true" xmlns="http://xmlns.oracle.com/adfmcatalog"/>
  </mds:insert>
  <mds:insert parent="(xmlns(mds_ns1=http://xmlns.oracle.com/adfmcatalog))/mds_ns1:Definitions" position="last">
    <ViewObject fullName="sessiondef.oracle.iam.ui.runtime.form.model.IDSRequest.view.IDSRequestUD_IDS_ROLVO" publishToBusinessEditor="true" xmlns="http://xmlns.oracle.com/adfmcatalog"/>
  </mds:insert>
  <mds:insert parent="(xmlns(mds_ns1=http://xmlns.oracle.com/adfmcatalog))/mds_ns1:Definitions" position="last">
    <ViewObject fullName="sessiondef.oracle.iam.ui.runtime.form.model.CTSRequest.view.CTSRequestVO" publishToBusinessEditor="true" xmlns="http://xmlns.oracle.com/adfmcatalog"/>
  </mds:insert>
  <mds:insert parent="(xmlns(mds_ns1=http://xmlns.oracle.com/adfmcatalog))/mds_ns1:Definitions" position="last">
    <ViewObject fullName="sessiondef.oracle.iam.ui.runtime.form.model.CTSRequest.view.CTSRequestUD_CTS_UGPVO" publishToBusinessEditor="true" xmlns="http://xmlns.oracle.com/adfmcatalog"/>
  </mds:insert>
  <mds:insert parent="(xmlns(mds_ns1=http://xmlns.oracle.com/adfmcatalog))/mds_ns1:Definitions" position="last">
    <ViewObject fullName="sessiondef.oracle.iam.ui.runtime.form.model.eFBSRequestProduction.view.eFBSRequestProductionVO" publishToBusinessEditor="true" xmlns="http://xmlns.oracle.com/adfmcatalog"/>
  </mds:insert>
  <mds:insert parent="(xmlns(mds_ns1=http://xmlns.oracle.com/adfmcatalog))/mds_ns1:Definitions" position="last">
    <ViewObject fullName="sessiondef.oracle.iam.ui.runtime.form.model.eFBSRequestProduction.view.eFBSRequestProductionUD_EFBSP_PVO" publishToBusinessEditor="true" xmlns="http://xmlns.oracle.com/adfmcatalog"/>
  </mds:insert>
  <mds:insert parent="(xmlns(mds_ns1=http://xmlns.oracle.com/adfmcatalog))/mds_ns1:Definitions" position="last">
    <ViewObject fullName="sessiondef.oracle.iam.ui.runtime.form.model.eFBSRequestProduction.view.eFBSRequestProductionUD_EFBSP_MVO" publishToBusinessEditor="true" xmlns="http://xmlns.oracle.com/adfmcatalog"/>
  </mds:insert>
  <mds:insert parent="(xmlns(mds_ns1=http://xmlns.oracle.com/adfmcatalog))/mds_ns1:Definitions" position="last">
    <ViewObject fullName="sessiondef.oracle.iam.ui.runtime.form.model.eFBSRequestEducation.view.eFBSRequestEducationVO" publishToBusinessEditor="true" xmlns="http://xmlns.oracle.com/adfmcatalog"/>
  </mds:insert>
  <mds:insert parent="(xmlns(mds_ns1=http://xmlns.oracle.com/adfmcatalog))/mds_ns1:Definitions" position="last">
    <ViewObject fullName="sessiondef.oracle.iam.ui.runtime.form.model.eFBSRequestEducation.view.eFBSRequestEducationUD_EFBSE_PVO" publishToBusinessEditor="true" xmlns="http://xmlns.oracle.com/adfmcatalog"/>
  </mds:insert>
  <mds:insert parent="(xmlns(mds_ns1=http://xmlns.oracle.com/adfmcatalog))/mds_ns1:Definitions" position="last">
    <ViewObject fullName="sessiondef.oracle.iam.ui.runtime.form.model.eFBSRequestEducation.view.eFBSRequestEducationUD_EFBSE_MVO" publishToBusinessEditor="true" xmlns="http://xmlns.oracle.com/adfmcatalog"/>
  </mds:insert>
</mds:customization>